ts,Protocol_name,Duration,Protocol Type,flow_duration,Header_Length,src_ip_bytes,fin_flag_number,syn_flag_number,rst_flag_number,psh_flag_number,ack_flag_number,urg_flag_number,ece_flag_number,cwr_flag_number,dst_ip_bytes,Rate,Srate,Drate,ack_count,syn_count,fin_count,urg_count,rst_count,max_duration,min_duration,sum_duration,average_duration,std_duration,CoAP,HTTP,HTTPS,DNS,Telnet,SMTP,SSH,IRC,TCP,UDP,DHCP,ARP,ICMP,IGMP,IPv,LLC,Tot sum,Min,Max,AVG,Std,Tot size,IAT,Number,MAC,Magnitue,Radius,Covariance,Variance,Weight,Correlation,RARP,DS status,Fragments,Sequence number,Protocol Version,flow_idle_time,flow_active_time,source_ip
1701045574.628571,UDP,128,17,0.0,99,1,0,0,0,0,0,0,0,0,1,0.0,0.0,0.0,0,0,0,0,0,1701045574.628571,1701045574.628571,1701045574.628571,1701045574.628571,0.0,0,0,0,1,0,0,0,0,0,1,0,0,0,0,1,1,99,99,99,99.0,0.0,99,1701045574.628571,1,808448,14.071247279470288,0.0,0.0,0.0,1,0.0,0,0,0,0,0,1701045574.628571,0.0,192.168.43.110
1701045574.628806,UDP,128,17,0.0,99,2,0,0,0,0,0,0,0,0,2,0.0,0.0,0.0,0,0,0,0,0,1701045574.628806,1701045574.628806,1701045574.628806,1701045574.628806,0.0,0,0,0,1,0,0,0,0,0,1,0,0,0,0,1,1,198,99,99,99.0,0.0,99,0.00023508071899414062,2,808448,14.071247279470288,0.0,0.0,0.0,4,,0,0,0,0,0,1701045574.628806,0.0,192.168.43.110
1701045574.679677,UDP,64,17,0.05110597610473633,294,1,0,0,0,0,0,0,0,0,1,39.13436651520382,39.13436651520382,0.0,0,0,0,0,0,1701045574.679677,1701045574.628571,3402091149.308248,1701045574.654124,0.025552988052368164,0,0,0,1,0,0,0,0,0,1,0,0,0,0,1,1,393,99,195,131.0,45.254833995939045,195,0.05087089538574219,3,808448,16.186414056238647,64.0,2048.0,1.0,9,1.0,0,0,0,0,0,0.05110597610473633,0.05110597610473633,192.168.43.65
1701045574.691987,UDP,64,17,0.06318092346191406,306,2,0,0,0,0,0,0,0,0,2,31.655124528301886,31.655124528301886,0.0,0,0,0,0,0,1701045574.691987,1701045574.628806,3402091149.320793,1701045574.6603966,0.03159046173095703,0,0,0,1,0,0,0,0,0,1,0,0,0,0,1,1,600,99,207,150.0,51.176166327695945,207,0.012310028076171875,4,808448,17.320508075688775,72.37402849088892,2619.0,1.0,16,1.0,0,0,0,0,0,0.06318092346191406,0.06318092346191406,192.168.43.65
1701045574.692668,TCP,128,6,0.0,66,3,0,1,0,0,0,0,0,0,1,31.655124528301886,31.655124528301886,0.0,0,1,0,0,0,1701045574.692668,1701045574.692668,1701045574.692668,1701045574.692668,0.0,0,0,1,0,0,0,0,0,1,0,0,0,0,0,1,1,666,66,207,133.2,56.781687188740705,66,0.0006809234619140625,5,808448,16.321764610482532,80.30143211674373,3224.1600000000003,1.0,25,0.9999999999999998,0,0,0,0,0,1701045574.692668,0.0,192.168.43.110
1701045574.692856,TCP,128,6,0.0,66,4,0,1,0,0,0,0,0,0,2,31.655124528301886,31.655124528301886,0.0,0,1,0,0,0,1701045574.692856,1701045574.692856,1701045574.692856,1701045574.692856,0.0,0,0,1,0,0,0,0,0,1,0,0,0,0,0,1,1,732,66,207,122.0,57.56735185849702,66,0.0001881122589111328,6,808448,15.620499351813308,81.41252974819048,3314.0,1.0,36,1.0,0,0,0,0,0,1701045574.692856,0.0,192.168.43.110
1701045574.776233,TCP,44,6,0.08356499671936035,132,1,0,1,0,0,1,0,0,0,3,23.93346590698351,23.93346590698351,0.0,0,2,0,0,1,1701045574.776233,1701045574.692668,3402091149.4689007,1701045574.7344503,0.041782498359850234,0,0,1,0,0,0,0,0,1,0,0,0,0,0,1,1,798,66,207,114.0,56.785309971606466,66,0.08337688446044922,7,808448,15.0996688705415,80.30655550540601,3224.5714285714284,1.0,49,1.0,0,0,0,0,0,0.08356499671936035,0.08356499671936035,140.82.114.22
1701045574.776233,TCP,44,6,0.08337688446044922,132,2,0,1,0,0,1,0,0,0,4,23.98746382696421,23.98746382696421,0.0,0,2,0,0,1,1701045574.776233,1701045574.692856,3402091149.469089,1701045574.7345445,0.04168844223022461,0,0,1,0,0,0,0,0,1,0,0,0,0,0,1,1,864,66,207,108.0,55.43915583772899,66,0.0,8,808448,14.696938456699069,78.40280607223188,3073.5,1.0,64,0.9999999999999998,0,0,0,0,0,0.08337688446044922,0.08337688446044922,140.82.114.22
1701045574.776366,TCP,128,6,0.08369803428649902,186,5,0,0,0,0,1,0,0,0,3,35.84313569098859,35.84313569098859,0.0,0,2,0,0,2,1701045574.776366,1701045574.692668,5103136724.245267,1701045574.7484224,0.03942431190012041,0,0,1,0,0,0,0,0,1,0,0,0,0,0,1,1,918,54,207,102.0,54.954526656136345,54,0.00013303756713867188,9,808448,14.2828568570857,77.7174369109018,3020.0,1.0,81,0.9999999999999998,0,0,0,0,0,0.00013303756713867188,0.08369803428649902,192.168.43.110
1701045574.776422,TCP,128,6,0.08356595039367676,186,6,0,0,0,0,1,0,0,0,4,35.89978915894677,35.89978915894677,0.0,0,2,0,0,2,1701045574.776422,1701045574.692856,5103136724.245511,1701045574.7485037,0.039348879235001584,0,0,1,0,0,0,0,0,1,0,0,0,0,0,1,1,972,54,207,97.2,54.086597230737304,54,5.602836608886719e-05,10,808448,13.942740046346701,76.48999934631978,2925.3599999999997,1.0,100,0.9999999999999999,0,0,0,0,0,0.00018906593322753906,0.08356595039367676,192.168.43.110
1701045574.776878,TCP,128,6,0.08402204513549805,757,7,0,0,0,1,1,0,0,0,5,47.606553655643644,47.606553655643644,0.0,0,2,0,1,3,1701045574.776878,1701045574.692856,6804182299.022389,1701045574.7555974,0.036224419419929384,0,0,1,0,0,0,0,0,1,0,0,0,0,0,1,1,1543,54,571,140.27272727272728,145.64345686959516,571,0.00045609474182128906,11,808448,16.749491172732817,205.97095197588237,21212.016528925622,1.0,121,1.0,0,0,0,0,0,0.00045609474182128906,0.08402204513549805,192.168.43.110
1701045574.777216,TCP,128,6,0.0845479965209961,757,8,0,0,0,1,1,0,0,0,6,47.310405504483676,47.310405504483676,0.0,0,2,0,1,3,1701045574.777216,1701045574.692668,6804182299.022483,1701045574.7556207,0.03634774731607294,0,0,1,0,0,0,0,0,1,0,0,0,0,0,1,1,2114,54,571,176.16666666666666,183.3479539624651,571,0.00033783912658691406,12,808448,18.77054430040145,259.293163127076,33616.472222222226,1.0,144,0.9999999999999999,0,0,0,0,0,0.0008499622344970703,0.0845479965209961,192.168.43.110
1701045574.808719,TCP,128,6,0.0,278,9,0,0,0,1,1,0,0,0,1,47.310405504483676,47.310405504483676,0.0,0,0,0,1,1,1701045574.808719,1701045574.808719,1701045574.808719,1701045574.808719,0.0,0,1,0,0,0,0,0,0,1,0,0,0,0,0,1,1,2392,54,571,184.0,178.2327777849043,278,0.03150296211242676,13,808448,19.183326093250876,252.05921160284174,31766.923076923078,1.0,169,1.0,0,0,0,0,0,1701045574.808719,0.0,192.168.43.110
1701045574.873512,TCP,45,6,0.18065595626831055,2191,3,0,0,0,0,1,0,0,0,5,27.676917513718678,27.676917513718678,0.0,0,2,0,1,4,1701045574.873512,1701045574.692856,8505227873.895902,1701045574.7791803,0.057222272365068765,0,0,1,0,0,0,0,0,1,0,0,0,0,0,1,1,3826,54,1434,273.2857142857143,364.874034735948,1434,0.06479310989379883,14,808448,23.378867136185804,516.0098084813694,133133.0612244898,1.0,196,1.0,0,0,0,0,0,0.0966339111328125,0.18065595626831055,140.82.114.22
1701045574.87363,TCP,45,6,0.18077397346496582,3625,4,0,0,0,0,1,0,0,0,6,33.190618566354665,33.190618566354665,0.0,0,2,0,1,5,1701045574.87363,1701045574.692856,10206273448.769531,1701045574.7949219,0.0629893031278855,0,0,1,0,0,0,0,0,1,0,0,0,0,0,1,1,5260,54,1434,350.6666666666667,456.1654183395415,1434,0.00011801719665527344,15,808448,26.482698754721607,645.1153213013761,208086.88888888888,1.0,225,1.0,0,0,0,0,0,0.00011801719665527344,0.18077397346496582,140.82.114.22
1701045574.873693,TCP,128,6,0.18083691596984863,3679,10,0,0,0,0,1,0,0,0,7,38.70891052558719,38.70891052558719,0.0,0,2,0,1,6,1701045574.873693,1701045574.692856,11907319023.643225,1701045574.806175,0.06450292315700014,0,0,1,0,0,0,0,0,1,0,0,0,0,0,1,1,5314,54,1434,332.125,447.48001002838106,54,6.29425048828125e-05,16,808448,25.773047937719745,632.832299072985,200238.359375,1.0,256,0.9999999999999998,0,0,0,0,0,6.29425048828125e-05,0.18083691596984863,192.168.43.110
1701045574.892923,TCP,45,6,0.20006704330444336,4545,5,0,0,0,1,1,0,0,0,7,39.98659583240977,39.98659583240977,0.0,0,2,0,2,7,1701045574.892923,1701045574.692856,13608364598.536148,1701045574.8170185,0.0668103542187134,0,0,1,0,0,0,0,0,1,0,0,0,0,0,1,1,6180,54,1434,363.52941176470586,451.92856250245603,866,0.019230127334594727,17,808448,26.964028325333953,639.1235023147502,204239.4256055363,1.0,289,1.0,0,0,0,0,0,0.019230127334594727,0.20006704330444336,140.82.114.22
1701045574.892923,TCP,45,6,0.2002551555633545,2191,6,0,0,0,0,1,0,0,0,8,24.96814619296109,24.96814619296109,0.0,0,2,0,1,4,1701045574.892923,1701045574.692668,8505227873.915406,1701045574.7830813,0.06382193022283732,0,0,1,0,0,0,0,0,1,0,0,0,0,0,1,1,7614,54,1434,423.0,503.0085044564908,1434,0.0,18,808448,29.086079144497972,711.3614489913767,253017.55555555556,1.0,324,1.0,0,0,0,0,0,0.1157071590423584,0.2002551555633545,140.82.114.22
1701045574.892923,TCP,45,6,0.2002551555633545,3625,7,0,0,0,0,1,0,0,0,9,29.961775431553306,29.961775431553306,0.0,0,2,0,1,5,1701045574.892923,1701045574.692668,10206273448.808329,1701045574.801388,0.07120459549574208,0,0,1,0,0,0,0,0,1,0,0,0,0,0,1,1,9048,54,1434,476.2105263157895,539.1338647309432,1434,0.0,19,808448,30.861319683895225,762.4504234371216,290665.32409972296,1.0,361,1.0,0,0,0,0,0,0.0,0.2002551555633545,140.82.114.22
1701045574.892923,TCP,45,6,0.2002551555633545,4491,8,0,0,0,1,1,0,0,0,10,34.955404670145526,34.955404670145526,0.0,0,2,0,2,6,1701045574.892923,1701045574.692668,11907319023.701252,1701045574.8144646,0.07329223429414015,0,0,1,0,0,0,0,0,1,0,0,0,0,0,1,1,9914,54,1434,495.7,532.3053728828969,866,1701045574.892923,0,808448,30.861319683895225,762.4504234371216,290665.32409972296,1.0,361,1.0,0,0,0,0,0,0.0,0.2002551555633545,140.82.114.22
1701045574.893012,TCP,128,6,0.20034408569335938,4545,11,0,0,0,0,1,0,0,0,8,39.931301052952264,39.931301052952264,0.0,0,2,0,2,7,1701045574.893012,1701045574.692668,13608364598.594265,1701045574.8242831,0.07331503047423363,0,0,1,0,0,0,0,0,1,0,0,0,0,0,1,1,54,54,54,54.0,0.0,54,8.893013000488281e-05,1,808448,10.392304845413264,0.0,0.0,0.0,1,0.0,0,0,0,0,0,8.893013000488281e-05,0.20034408569335938,192.168.43.110
1701045574.893751,TCP,128,6,0.20089483261108398,8033,12,0,0,0,1,1,0,0,0,9,44.79955946613752,44.79955946613752,0.0,0,2,0,3,8,1701045574.893751,1701045574.692856,15309410173.4299,1701045574.8255444,0.0674476370174915,0,0,1,0,0,0,0,0,1,0,0,0,0,0,1,1,3542,54,3488,1771.0,1717.0,3488,0.0007388591766357422,2,808448,59.51470406546604,2428.204686594604,2948089.0,1.0,4,1.0,0,0,0,0,0,0.000827789306640625,0.20089483261108398,192.168.43.110
1701045574.894432,TCP,128,6,0.20176410675048828,5699,13,0,0,0,1,1,0,0,0,10,44.60654645144518,44.60654645144518,0.0,0,2,0,3,8,1701045574.894432,1701045574.692668,15309410173.488697,1701045574.8320775,0.07255256434119689,0,0,1,0,0,0,0,0,1,0,0,0,0,0,1,1,4696,54,3488,1565.3333333333333,1431.778691775451,1154,0.0006811618804931641,3,808448,55.952360688952766,2024.8408442256505,2049990.2222222222,1.0,9,1.0,0,0,0,0,0,0.0014200210571289062,0.20176410675048828,192.168.43.110
1701045574.961174,TCP,45,6,0.26831793785095215,8087,9,0,0,0,0,1,0,0,0,11,37.26921904697589,37.26921904697589,0.0,0,2,0,3,9,1701045574.961174,1701045574.692856,17010455748.391073,1701045574.8391073,0.0758277932195878,0,0,1,0,0,0,0,0,1,0,0,0,0,0,1,1,4750,54,3488,1187.5,1402.0580408813323,54,0.066741943359375,4,808448,48.73397172404482,1982.8094966486317,1965766.75,1.0,16,1.0,0,0,0,0,0,0.06742310523986816,0.26831793785095215,140.82.114.22
1701045574.961174,TCP,45,6,0.26831793785095215,8220,10,0,0,0,1,1,0,0,0,12,40.99614095167348,40.99614095167348,0.0,0,2,0,4,10,1701045574.961174,1701045574.692856,18711501323.35225,1701045574.8502045,0.08036522838951708,0,0,1,0,0,0,0,0,1,0,0,0,0,0,1,1,4883,54,3488,976.6,1323.0754475841504,133,0.0,5,808448,44.19502234415093,1871.1112420163586,1750528.6400000001,1.0,25,1.0,0,0,0,0,0,0.0,0.26831793785095215,140.82.114.22
1701045574.961174,TCP,45,6,0.26831793785095215,8353,11,0,0,0,1,1,0,0,0,13,44.72306285637107,44.72306285637107,0.0,0,2,0,5,11,1701045574.961174,1701045574.692856,20412546898.313423,1701045574.859452,0.08283134226329035,0,0,1,0,0,0,0,0,1,0,0,0,0,0,1,1,5016,54,3488,836.0,1248.0447374460048,133,0.0,6,808448,40.890096600521744,1765.0017941445083,1557615.6666666667,1.0,36,1.0,0,0,0,0,0,0.0,0.26831793785095215,140.82.114.22
1701045574.96123,TCP,128,6,0.268373966217041,8407,14,0,0,0,0,1,0,0,0,11,48.43986986981651,48.43986986981651,0.0,0,2,0,5,12,1701045574.96123,1701045574.692856,22113592473.274654,1701045574.8672812,0.0840761440914993,0,0,1,0,0,0,0,0,1,0,0,0,0,0,1,1,5070,54,3488,724.2857142857143,1187.425632472645,54,5.602836608886719e-05,7,808448,38.0601028449928,1679.273433752265,1409979.6326530613,1.0,49,0.9999999999999998,0,0,0,0,0,5.602836608886719e-05,0.268373966217041,192.168.43.110
1701045574.97402,TCP,45,6,0.28135204315185547,5832,12,0,0,0,1,1,0,0,0,14,35.54265996427349,35.54265996427349,0.0,0,2,0,4,9,1701045574.97402,1701045574.692668,17010455748.462717,1701045574.8462718,0.08093689605032167,0,0,1,0,0,0,0,0,1,0,0,0,0,0,1,1,5203,54,3488,650.375,1127.8172433399836,133,0.01278996467590332,8,808448,36.065911883661,1594.9744414096422,1271971.734375,1.0,64,0.9999999999999999,0,0,0,0,0,0.07958793640136719,0.28135204315185547,140.82.114.22
1701045574.97402,TCP,45,6,0.28135204315185547,5965,13,0,0,0,1,1,0,0,0,15,39.09692596070084,39.09692596070084,0.0,0,2,0,5,10,1701045574.97402,1701045574.692668,18711501323.436737,1701045574.8578851,0.08546336446077224,0,0,1,0,0,0,0,0,1,0,0,0,0,0,1,1,5336,54,3488,592.8888888888889,1075.6759574481987,133,0.0,9,808448,34.43512418705322,1521.235527741907,1157078.7654320989,1.0,81,1.0,0,0,0,0,0,0.0,0.28135204315185547,140.82.114.22
1701045574.974068,TCP,128,6,0.2813999652862549,6019,15,0,0,0,0,1,0,0,0,12,42.64392850152973,42.64392850152973,0.0,0,2,0,5,11,1701045574.974068,1701045574.692668,20412546898.410805,1701045574.867567,0.08790024030777821,0,0,1,0,0,0,0,0,1,0,0,0,0,0,1,1,5390,54,3488,539.0,1033.2023035204675,54,4.792213439941406e-05,10,808448,32.83291031876401,1461.168710313768,1067507.0,1.0,100,0.9999999999999998,0,0,0,0,0,4.792213439941406e-05,0.2813999652862549,192.168.43.110
1701045575.01068,TCP,46,6,0.20196104049682617,332,1,0,0,0,0,1,0,0,0,16,9.902900059734195,9.902900059734195,0.0,0,0,0,1,2,1701045575.01068,1701045574.808719,3402091149.819399,1701045574.9096994,0.10098052024841309,0,1,0,0,0,0,0,0,1,0,0,0,0,0,1,1,5444,54,3488,494.90909090909093,994.9376823377117,54,0.03661203384399414,11,808448,31.461376031861384,1407.054364078046,989900.9917355378,1.0,121,1.0,0,0,0,0,0,0.20196104049682617,0.20196104049682617,149.154.167.91
1701045575.010725,TCP,128,6,0.20200610160827637,730,16,0,0,0,1,1,0,0,0,2,14.85103655837833,14.85103655837833,0.0,0,0,0,2,3,1701045575.010725,1701045574.808719,5103136724.830124,1701045574.9433746,0.09521597029679288,0,1,0,0,0,0,0,0,1,0,0,0,0,0,1,1,5842,54,3488,486.8333333333333,952.9567875244338,398,4.506111145019531e-05,12,808448,31.203632267200348,1347.68441327255,908126.6388888889,1.0,144,0.9999999999999999,0,0,0,0,0,4.506111145019531e-05,0.20200610160827637,192.168.43.110
1701045575.153361,TCP,46,6,0.34464216232299805,784,2,0,0,0,0,1,0,0,0,17,11.606241015430976,11.606241015430976,0.0,0,0,0,2,4,1701045575.153361,1701045574.808719,6804182299.983485,1701045574.9958713,0.12274870095762597,0,1,0,0,0,0,0,0,1,0,0,0,0,0,1,1,5896,54,3488,453.53846153846155,922.8073067784992,54,0.14263606071472168,13,808448,30.11771776009801,1305.046608703143,851573.325443787,1.0,169,0.9999999999999999,0,0,0,0,0,0.14263606071472168,0.34464216232299805,149.154.167.91
1701045575.192725,TCP,46,6,0.3840060234069824,1601,3,0,0,0,1,1,0,0,0,18,13.020629092322421,13.020629092322421,0.0,0,0,0,3,5,1701045575.192725,1701045574.808719,8505227875.17621,1701045575.035242,0.1351074216019983,0,1,0,0,0,0,0,0,1,0,0,0,0,0,1,1,6713,54,3488,479.5,894.1524917884133,817,0.039363861083984375,14,808448,30.967725134404045,1264.5225807168715,799508.6785714285,1.0,196,0.9999999999999997,0,0,0,0,0,0.039363861083984375,0.3840060234069824,149.154.167.91
1701045575.204714,TCP,47,6,0.0,817,4,0,0,0,1,1,0,0,0,19,13.020629092322421,13.020629092322421,0.0,0,0,0,1,1,1701045575.204714,1701045575.204714,1701045575.204714,1701045575.204714,0.0,0,1,0,0,0,0,0,0,1,0,0,0,0,0,1,1,7530,54,3488,502.0,867.9260337148552,817,0.011989116668701172,15,808448,31.68595903550972,1227.4327680162364,753295.6,1.0,225,1.0,0,0,0,0,0,1701045575.204714,0.0,149.154.167.91
1701045575.20695,TCP,128,6,0.002235889434814453,1095,17,0,0,0,1,1,0,0,0,3,894.4986137769247,894.4986137769247,0.0,0,0,0,2,2,1701045575.20695,1701045575.204714,3402091150.411664,1701045575.205832,0.0011179447174072266,0,1,0,0,0,0,0,0,1,0,0,0,0,0,1,1,7808,54,3488,488.0,842.1131901353879,278,0.002235889434814453,16,808448,31.240998703626616,1190.9278945427384,709154.625,1.0,256,1.0,0,0,0,0,0,0.002235889434814453,0.002235889434814453,192.168.43.110
1701045575.241671,TCP,128,6,0.4329521656036377,1655,18,0,0,0,0,1,0,0,0,4,13.858343892643616,13.858343892643616,0.0,0,0,0,3,6,1701045575.241671,1701045574.808719,10206273450.417881,1701045575.0696468,0.1453621271044201,0,1,0,0,0,0,0,0,1,0,0,0,0,0,1,1,7862,54,3488,462.47058823529414,823.3271894572982,54,0.03472113609313965,17,808448,30.41284558324966,1164.3604776010338,677867.6608996537,1.0,289,1.0,0,0,0,0,0,0.04894614219665527,0.4329521656036377,192.168.43.110
1701045575.268683,TCP,45,6,0.57582688331604,9251,14,0,0,0,1,1,0,0,0,20,24.312862781566526,24.312862781566526,0.0,0,2,0,6,13,1701045575.268683,1701045574.692856,23814638048.54334,1701045574.8959527,0.13134176630839786,0,0,1,0,0,0,0,0,1,0,0,0,0,0,1,1,8706,54,3488,483.6666666666667,804.8888121970637,844,0.027011871337890625,18,808448,31.10198278781167,1138.2846744114584,647846.0000000002,1.0,324,0.9999999999999999,0,0,0,0,0,0.307452917098999,0.57582688331604,140.82.114.22
1701045575.268683,TCP,45,6,0.57582688331604,9329,15,0,0,0,1,1,0,0,0,21,26.049495837392705,26.049495837392705,0.0,0,2,0,7,14,1701045575.268683,1701045574.692856,25515683623.812023,1701045574.9208016,0.1573055299065253,0,0,1,0,0,0,0,0,1,0,0,0,0,0,1,1,8784,54,3488,462.3157894736842,788.6408062797916,78,0.0,19,808448,30.40775524347972,1115.306524081734,621954.3213296399,1.0,361,0.9999999999999998,0,0,0,0,0,0.0,0.57582688331604,140.82.114.22
1701045575.268753,TCP,128,6,0.5758969783782959,9383,19,0,0,0,0,1,0,0,0,13,27.782746916046328,27.782746916046328,0.0,0,2,0,7,15,1701045575.268753,1701045574.692856,27216729199.080776,1701045574.9425485,0.17404724712396746,0,0,1,0,0,0,0,0,1,0,0,0,0,0,1,1,8838,54,3488,441.9,773.8061062049071,54,1701045575.268753,0,808448,30.40775524347972,1115.306524081734,621954.3213296399,1.0,361,0.9999999999999998,0,0,0,0,0,7.009506225585938e-05,0.5758969783782959,192.168.43.110
1701045575.269221,TCP,128,6,0.5763649940490723,9461,20,0,0,0,1,1,0,0,0,14,29.495198659744773,29.495198659744773,0.0,0,2,0,8,16,1701045575.269221,1701045574.692856,28917774774.35,1701045574.9617646,0.18552262911461948,0,0,1,0,0,0,0,0,1,0,0,0,0,0,1,1,78,78,78,78.0,0.0,78,0.0004680156707763672,1,808448,12.489995996796797,0.0,0.0,0.0,1,0.0,0,0,0,0,0,0.0004680156707763672,0.5763649940490723,192.168.43.110
1701045575.269384,TCP,128,6,0.5765278339385986,9515,21,1,0,0,0,1,0,0,0,15,31.221389394214462,31.221389394214462,0.0,1,2,0,8,17,1701045575.269384,1701045574.692856,30618820349.61938,1701045574.9788544,0.19357595183838497,0,0,1,0,0,0,0,0,1,0,0,0,0,0,1,1,132,54,78,66.0,12.0,54,0.0001628398895263672,2,808448,11.489125293076057,16.97056274847714,144.0,1.0,4,1.0,0,0,0,0,0,0.0001628398895263672,0.5765278339385986,192.168.43.110
1701045575.272252,TCP,44,6,0.5793960094451904,9569,16,1,0,0,0,1,0,0,0,22,32.79276986770023,32.79276986770023,0.0,2,2,0,8,18,1701045575.272252,1701045574.692856,32319865924.891632,1701045574.9942963,0.1994784508354916,0,0,1,0,0,0,0,0,1,0,0,0,0,0,1,1,186,54,78,62.0,11.313708498984761,54,0.002868175506591797,3,808448,11.135528725660043,16.0,128.0,1.0,9,1.0,0,0,0,0,0,0.002868175506591797,0.5793960094451904,140.82.114.22
1701045575.272289,TCP,128,6,0.5794329643249512,9623,22,0,0,0,0,1,0,0,0,16,34.516503601586294,34.516503601586294,0.0,2,2,0,8,19,1701045575.272289,1701045574.692856,34020911500.16392,1701045575.008196,0.2036488953586899,0,0,1,0,0,0,0,0,1,0,0,0,0,0,1,1,240,54,78,60.0,10.392304845413264,54,3.695487976074219e-05,4,808448,10.954451150103322,14.696938456699069,108.0,1.0,16,1.0,0,0,0,0,0,3.695487976074219e-05,0.5794329643249512,192.168.43.110
1701045575.293922,TCP,45,6,0.6012539863586426,6864,17,0,0,0,1,1,0,0,0,23,21.62147826866235,21.62147826866235,0.0,0,2,0,6,12,1701045575.293922,1701045574.692668,22113592473.704727,1701045574.9003637,0.14156080119698847,0,0,1,0,0,0,0,0,1,0,0,0,0,0,1,1,1085,54,845,217.0,314.137549490665,845,0.021632909774780273,5,808448,20.83266665599966,444.2575829403478,98682.4,1.0,25,1.0,0,0,0,0,0,0.3198540210723877,0.6012539863586426,140.82.114.22
1701045575.293922,TCP,45,6,0.6012539863586426,6942,18,0,0,0,1,1,0,0,0,24,23.2846689047133,23.2846689047133,0.0,0,2,0,7,13,1701045575.293922,1701045574.692668,23814638048.99865,1701045574.928475,0.16994489658802064,0,0,1,0,0,0,0,0,1,0,0,0,0,0,1,1,1163,54,845,193.83333333333334,291.40831414967477,78,0.0,6,808448,19.689252567496478,412.1135900587496,84918.80555555555,1.0,36,0.9999999999999999,0,0,0,0,0,0.0,0.6012539863586426,140.82.114.22
1701045575.293977,TCP,128,6,0.601309061050415,6996,23,0,0,0,0,1,0,0,0,17,24.94557453333032,24.94557453333032,0.0,0,2,0,7,14,1701045575.293977,1701045574.692668,25515683624.292625,1701045574.9528418,0.18779837638825014,0,0,1,0,0,0,0,0,1,0,0,0,0,0,1,1,1217,54,845,173.85714285714286,274.1930647093282,54,5.507469177246094e-05,7,808448,18.647098587026502,387.76755082057565,75181.83673469386,1.0,49,1.0,0,0,0,0,0,5.507469177246094e-05,0.601309061050415,192.168.43.110
1701045575.294261,TCP,128,6,0.601593017578125,7074,24,0,0,0,1,1,0,0,0,18,26.596053365799218,26.596053365799218,0.0,0,2,0,8,15,1701045575.294261,1701045574.692668,27216729199.586887,1701045574.9741805,0.19973500327252935,0,0,1,0,0,0,0,0,1,0,0,0,0,0,1,1,1295,54,845,161.875,258.43589026100847,78,0.00028395652770996094,8,808448,17.99305421544658,365.483541011083,66789.109375,1.0,64,1.0,0,0,0,0,0,0.00028395652770996094,0.601593017578125,192.168.43.110
1701045575.294341,TCP,128,6,0.6016731262207031,7128,25,1,0,0,0,1,0,0,0,19,28.254544301791093,28.254544301791093,0.0,1,2,0,8,16,1701045575.294341,1701045574.692668,28917774774.88123,1701045574.9930134,0.20789964188848925,0,0,1,0,0,0,0,0,1,0,0,0,0,0,1,1,1349,54,845,149.88888888888889,246.00291075262794,54,8.0108642578125e-05,9,808448,17.31409188429407,347.9006527696245,60517.43209876543,1.0,81,0.9999999999999999,0,0,0,0,0,8.0108642578125e-05,0.6016731262207031,192.168.43.110
1701045575.297351,TCP,44,6,0.6046829223632812,7182,19,1,0,0,0,1,0,0,0,25,29.767667209205495,29.767667209205495,0.0,2,2,0,8,17,1701045575.297351,1701045574.692668,30618820350.17858,1701045575.009921,0.21373063693330477,0,0,1,0,0,0,0,0,1,0,0,0,0,0,1,1,1403,54,845,140.3,235.14508287438207,54,0.003009796142578125,10,808448,16.751119365582706,332.5453653262965,55293.21000000001,1.0,100,0.9999999999999998,0,0,0,0,0,0.003009796142578125,0.6046829223632812,140.82.114.22
1701045575.297381,TCP,128,6,0.604712963104248,7236,26,0,0,0,0,1,0,0,0,20,31.419865554832732,31.419865554832732,0.0,2,2,0,8,18,1701045575.297381,1701045574.692668,32319865925.475964,1701045575.0250506,0.21770794301534976,0,0,1,0,0,0,0,0,1,0,0,0,0,0,1,1,1457,54,845,132.45454545454547,225.57053467973714,54,3.0040740966796875e-05,11,808448,16.27602810605496,319.00490941583485,50882.066115702495,1.0,121,1.0,0,0,0,0,0,3.0040740966796875e-05,0.604712963104248,192.168.43.110
1701045575.332428,TCP,44,6,0.6395719051361084,9677,20,0,0,1,0,0,0,0,0,26,32.834462913956415,32.834462913956415,0.0,2,2,1,8,19,1701045575.332428,1701045574.692856,35721957075.49635,1701045575.0236359,0.21039395607207007,0,0,1,0,0,0,0,0,1,0,0,0,0,0,1,1,1511,54,845,125.91666666666667,217.0531648902842,54,0.035047054290771484,12,808448,15.869257491556855,306.95952954384364,47112.07638888893,1.0,144,0.9999999999999999,0,0,0,0,0,0.06013894081115723,0.6395719051361084,140.82.114.22
1701045575.332428,TCP,44,6,0.6395719051361084,9731,21,0,0,1,0,0,0,0,0,27,34.398008767001954,34.398008767001954,0.0,2,2,2,8,19,1701045575.332428,1701045574.692856,37423002650.82878,1701045575.0376718,0.21538512950929908,0,0,1,0,0,0,0,0,1,0,0,0,0,0,1,1,1565,54,845,120.38461538461539,209.41660299381098,54,0.0,13,808448,15.516740339685741,296.1598001399496,43855.31360946744,1.0,169,1.0,0,0,0,0,0,0.0,0.6395719051361084,140.82.114.22
1701045575.332428,TCP,44,6,0.6395719051361084,9785,22,0,0,1,0,0,0,0,0,28,35.9615546200475,35.9615546200475,0.0,2,2,3,8,19,1701045575.332428,1701045574.692856,39124048226.16121,1701045575.0504873,0.2190593090996674,0,0,1,0,0,0,0,0,1,0,0,0,0,0,1,1,1619,54,845,115.64285714285714,202.52181792264722,54,0.0,14,808448,15.208080558890865,286.40910158266223,41015.08673469387,1.0,196,1.0,0,0,0,0,0,0.0,0.6395719051361084,140.82.114.22
1701045575.337207,TCP,44,6,0.6443510055541992,9839,23,0,0,1,0,0,0,0,0,29,37.24677977239729,37.24677977239729,0.0,2,2,4,8,19,1701045575.337207,1701045574.692856,40825093801.49841,1701045575.062434,0.22196880919767642,0,0,1,0,0,0,0,0,1,0,0,0,0,0,1,1,1673,54,845,111.53333333333333,196.25794817592026,54,0.00477910041809082,15,808448,14.935416521365136,277.55065203390245,38517.182222222196,1.0,225,1.0,0,0,0,0,0,0.00477910041809082,0.6443510055541992,140.82.114.22
1701045575.344601,TCP,47,6,0.13988685607910156,1149,5,0,0,0,0,1,0,0,0,30,21.44590338282816,21.44590338282816,0.0,0,0,0,2,3,1701045575.344601,1701045575.204714,5103136725.756265,1701045575.2520883,0.06542266029728591,0,1,0,0,0,0,0,0,1,0,0,0,0,0,1,1,1727,54,845,107.9375,190.53558353690786,54,0.007393836975097656,16,808448,14.692685254915114,269.45800635256694,36303.80859375,1.0,256,1.0,0,0,0,0,0,0.1376509666442871,0.13988685607910156,149.154.167.91
1701045575.344637,TCP,128,6,0.1399228572845459,1371,27,0,0,0,1,1,0,0,0,5,28.58718066245342,28.58718066245342,0.0,0,0,0,3,4,1701045575.344637,1701045575.204714,6804182301.100902,1701045575.2752254,0.06939795959078815,0,1,0,0,0,0,0,0,1,0,0,0,0,0,1,1,1949,54,845,114.6470588235294,186.78485301244018,222,3.600120544433594e-05,17,808448,15.142460752699966,264.15367237605795,34888.58131487887,1.0,289,1.0,0,0,0,0,0,3.600120544433594e-05,0.1399228572845459,192.168.43.110
1701045575.356034,TCP,44,6,0.6633660793304443,7290,24,0,0,1,0,0,0,0,0,31,30.149265425489666,30.149265425489666,0.0,2,2,1,8,18,1701045575.356034,1701045574.692668,34020911500.831997,1701045575.0415998,0.2241217117898485,0,0,1,0,0,0,0,0,1,0,0,0,0,0,1,1,2003,54,845,111.27777777777777,182.0530464683166,54,0.011397123336791992,18,808448,14.918296000400165,257.46188738683264,33143.311728395034,1.0,324,1.0,0,0,0,0,0,0.05865311622619629,0.6633660793304443,140.82.114.22
1701045575.357795,TCP,44,6,0.6651270389556885,7344,25,0,0,1,0,0,0,0,0,32,31.572915804132634,31.572915804132634,0.0,2,2,2,8,18,1701045575.357795,1701045574.692668,35721957076.18979,1701045575.0566566,0.2288511058554033,0,0,1,0,0,0,0,0,1,0,0,0,0,0,1,1,2057,54,845,108.26315789473684,177.65840733072798,54,0.0017609596252441406,19,808448,14.71483318931865,251.2469291167192,31562.509695290875,1.0,361,0.9999999999999999,0,0,0,0,0,0.0017609596252441406,0.6651270389556885,140.82.114.22
1701045575.357795,TCP,44,6,0.6651270389556885,7398,26,0,0,1,0,0,0,0,0,33,33.07638798528181,33.07638798528181,0.0,2,2,3,8,18,1701045575.357795,1701045574.692668,37423002651.547585,1701045575.0703447,0.2322216550867407,0,0,1,0,0,0,0,0,1,0,0,0,0,0,1,1,2111,54,845,105.55,173.56338179466312,54,1701045575.357795,0,808448,14.71483318931865,251.2469291167192,31562.509695290875,1.0,361,0.9999999999999999,0,0,0,0,0,0.0,0.6651270389556885,140.82.114.22
1701045575.357795,TCP,44,6,0.6651270389556885,7452,27,0,0,1,0,0,0,0,0,34,34.57986016643098,34.57986016643098,0.0,2,2,4,8,18,1701045575.357795,1701045574.692668,39124048226.90538,1701045575.0828426,0.23456035756383556,0,0,1,0,0,0,0,0,1,0,0,0,0,0,1,1,54,54,54,54.0,0.0,54,0.0,1,808448,10.392304845413264,0.0,0.0,0.0,1,0.0,0,0,0,0,0,0.0,0.6651270389556885,140.82.114.22
1701045575.508207,TCP,47,6,0.30349302291870117,1425,6,0,0,0,0,1,0,0,0,35,16.47484331572059,16.47484331572059,0.0,0,0,0,3,5,1701045575.508207,1701045575.204714,8505227876.609109,1701045575.3218217,0.11197201098038682,0,1,0,0,0,0,0,0,1,0,0,0,0,0,1,1,108,54,54,54.0,0.0,54,0.15041208267211914,2,808448,10.392304845413264,0.0,0.0,0.0,4,,0,0,0,0,0,0.16357016563415527,0.30349302291870117,149.154.167.91
1701045576.651737,TCP,128,6,0.0,108,28,0,0,0,1,1,0,0,0,1,16.47484331572059,16.47484331572059,0.0,0,0,0,1,1,1701045576.651737,1701045576.651737,1701045576.651737,1701045576.651737,0.0,0,0,1,0,0,0,0,0,1,0,0,0,0,0,1,1,216,54,108,72.0,25.45584412271571,108,1.1435298919677734,3,808448,12.0,36.0,648.0,1.0,9,1.0,0,0,0,0,0,1701045576.651737,0.0,192.168.43.110
1701045576.741132,TCP,45,6,0.08939504623413086,162,1,0,0,0,0,1,0,0,0,36,22.3726043472463,22.3726043472463,0.0,0,0,0,1,2,1701045576.741132,1701045576.651737,3402091153.392869,1701045576.6964345,0.04469752311706543,0,0,1,0,0,0,0,0,1,0,0,0,0,0,1,1,270,54,108,67.5,23.382685902179844,54,0.08939504623413086,4,808448,11.61895003862225,33.0681115275729,546.75,1.0,16,0.9999999999999999,0,0,0,0,0,0.08939504623413086,0.08939504623413086,3.18.218.179
1701045576.741132,TCP,45,6,0.08939504623413086,272,2,0,0,0,1,1,0,0,0,37,33.55890652086945,33.55890652086945,0.0,0,0,0,2,3,1701045576.741132,1701045576.651737,5103136730.134001,1701045576.7113335,0.042141228931392334,0,0,1,0,0,0,0,0,1,0,0,0,0,0,1,1,380,54,110,76.0,26.951808844676826,110,0.0,5,808448,12.328828005937952,38.1156135986291,726.4,1.0,25,1.0,0,0,0,0,0,0.0,0.08939504623413086,3.18.218.179
1701045576.788778,TCP,128,6,0.1370410919189453,326,29,0,0,0,0,1,0,0,0,2,29.18832551601275,29.18832551601275,0.0,0,0,0,2,4,1701045576.788778,1701045576.651737,6804182306.922779,1701045576.7306948,0.04956277635202934,0,0,1,0,0,0,0,0,1,0,0,0,0,0,1,1,434,54,110,72.33333333333333,25.933676090279903,54,0.04764604568481445,6,808448,12.027745701779143,36.6757564490647,672.5555555555555,1.0,36,1.0,0,0,0,0,0,0.04764604568481445,0.1370410919189453,192.168.43.110
1701045576.988281,TCP,41,6,0.0,54,1,0,0,0,0,1,0,0,0,38,29.18832551601275,29.18832551601275,0.0,0,0,0,0,1,1701045576.988281,1701045576.988281,1701045576.988281,1701045576.988281,0.0,0,0,1,0,0,0,0,0,1,0,0,0,0,0,1,1,488,54,110,69.71428571428571,24.852216260551582,54,0.19950294494628906,7,808448,11.807987611298184,35.14634129070121,617.6326530612245,1.0,49,1.0,0,0,0,0,0,1701045576.988281,0.0,20.221.80.166
1701045576.98834,TCP,128,6,5.888938903808594e-05,108,30,0,0,0,0,1,0,0,0,1,33961.975708502025,33961.975708502025,0.0,0,0,0,0,2,1701045576.98834,1701045576.988281,3402091153.9766207,1701045576.9883103,2.9444935832405446e-05,0,0,1,0,0,0,0,0,1,0,0,0,0,0,1,1,542,54,110,67.75,23.820946664647902,54,5.888938903808594e-05,8,808448,11.640446726822816,33.687905841711206,567.4375,1.0,64,1.0,0,0,0,0,0,5.888938903808594e-05,5.888938903808594e-05,192.168.43.110
1701045577.524707,ICMP,64,1,0.0,0,1,0,0,0,0,0,0,0,0,39,33961.975708502025,33961.975708502025,0.0,0,0,0,0,0,1701045576.98834,1701045576.988281,3402091153.9766207,1701045576.9883103,2.9444935832405446e-05,0,0,0,0,0,0,0,0,0,0,0,0,1,0,1,1,984,54,442,109.33333333333333,119.7404600700105,442,0.5363671779632568,9,808448,14.787382008545888,169.3385825958029,14337.77777777778,1.0,81,1.0,0,0,0,0,0,0.0,0.0,192.168.43.221
1701045577.627558,ICMP,64,1,0.0,0,2,0,0,0,0,0,0,0,0,40,33961.975708502025,33961.975708502025,0.0,0,0,0,0,0,1701045576.98834,1701045576.988281,3402091153.9766207,1701045576.9883103,2.9444935832405446e-05,0,0,0,0,0,0,0,0,0,0,0,0,1,0,1,1,1426,54,442,142.6,151.2085976391554,442,0.10285091400146484,10,808448,16.88786546606764,213.84124952870997,22864.039999999997,1.0,100,0.9999999999999999,0,0,0,0,0,0.0,0.0,192.168.43.221
1701045577.724594,ICMP,64,1,0.0,0,3,0,0,0,0,0,0,0,0,41,33961.975708502025,33961.975708502025,0.0,0,0,0,0,0,1701045576.98834,1701045576.988281,3402091153.9766207,1701045576.9883103,2.9444935832405446e-05,0,0,0,0,0,0,0,0,0,0,0,0,1,0,1,1,1868,54,442,169.8181818181818,167.91005069371798,442,0.09703612327575684,11,808448,18.429225801328812,237.46067094980987,28193.78512396694,1.0,121,0.9999999999999998,0,0,0,0,0,0.0,0.0,192.168.43.221
1701045577.835647,ICMP,64,1,0.0,0,4,0,0,0,0,0,0,0,0,42,33961.975708502025,33961.975708502025,0.0,0,0,0,0,0,1701045576.98834,1701045576.988281,3402091153.9766207,1701045576.9883103,2.9444935832405446e-05,0,0,0,0,0,0,0,0,0,0,0,0,1,0,1,1,2310,54,442,192.5,177.49201859989836,442,0.1110529899597168,12,808448,19.621416870348583,251.01161991695392,31503.416666666668,1.0,144,1.0,0,0,0,0,0,0.0,0.0,192.168.43.221
1701045577.925151,ICMP,64,1,0.0,0,5,0,0,0,0,0,0,0,0,43,33961.975708502025,33961.975708502025,0.0,0,0,0,0,0,1701045576.98834,1701045576.988281,3402091153.9766207,1701045576.9883103,2.9444935832405446e-05,0,0,0,0,0,0,0,0,0,0,0,0,1,0,1,1,2752,54,442,211.69230769230768,183.03063409645796,442,0.08950400352478027,13,808448,20.57631199667752,258.8444050689583,33500.21301775148,1.0,169,1.0,0,0,0,0,0,0.0,0.0,192.168.43.221
1701045578.02481,ICMP,64,1,0.0,0,6,0,0,0,0,0,0,0,0,44,33961.975708502025,33961.975708502025,0.0,0,0,0,0,0,1701045576.98834,1701045576.988281,3402091153.9766207,1701045576.9883103,2.9444935832405446e-05,0,0,0,0,0,0,0,0,0,0,0,0,1,0,1,1,3194,54,442,228.14285714285714,186.07903740955163,442,0.09965896606445312,14,808448,21.360845355128486,263.15549837791843,34625.4081632653,1.0,196,0.9999999999999999,0,0,0,0,0,0.0,0.0,192.168.43.221
1701045578.125255,ICMP,64,1,0.0,0,7,0,0,0,0,0,0,0,0,45,33961.975708502025,33961.975708502025,0.0,0,0,0,0,0,1701045576.98834,1701045576.988281,3402091153.9766207,1701045576.9883103,2.9444935832405446e-05,0,0,0,0,0,0,0,0,0,0,0,0,1,0,1,1,3636,54,442,242.4,187.5173947486828,442,0.10044503211975098,15,808448,22.018174311236617,265.1896428344566,35162.77333333332,1.0,225,1.0,0,0,0,0,0,0.0,0.0,192.168.43.221
1701045578.224957,ICMP,64,1,0.0,0,8,0,0,0,0,0,0,0,0,46,33961.975708502025,33961.975708502025,0.0,0,0,0,0,0,1701045576.98834,1701045576.988281,3402091153.9766207,1701045576.9883103,2.9444935832405446e-05,0,0,0,0,0,0,0,0,0,0,0,0,1,0,1,1,4078,54,442,254.875,187.88157007806805,442,0.0997018814086914,16,808448,22.577643809751272,265.70466452435494,35299.484375,1.0,256,1.0,0,0,0,0,0,0.0,0.0,192.168.43.221
1701045578.327563,ICMP,64,1,0.0,0,9,0,0,0,0,0,0,0,0,47,33961.975708502025,33961.975708502025,0.0,0,0,0,0,0,1701045576.98834,1701045576.988281,3402091153.9766207,1701045576.9883103,2.9444935832405446e-05,0,0,0,0,0,0,0,0,0,0,0,0,1,0,1,1,4520,54,442,265.88235294117646,187.51435469849523,442,0.10260605812072754,17,808448,23.060023978355982,265.18534355425106,35161.633217993076,1.0,289,0.9999999999999999,0,0,0,0,0,0.0,0.0,192.168.43.221
1701045578.428085,ICMP,64,1,0.0,0,10,0,0,0,0,0,0,0,0,48,33961.975708502025,33961.975708502025,0.0,0,0,0,0,0,1701045576.98834,1701045576.988281,3402091153.9766207,1701045576.9883103,2.9444935832405446e-05,0,0,0,0,0,0,0,0,0,0,0,0,1,0,1,1,4962,54,442,275.6666666666667,186.64315328097805,442,0.10052204132080078,18,808448,23.480488353808433,263.95327869403957,34835.66666666666,1.0,324,0.9999999999999999,0,0,0,0,0,0.0,0.0,192.168.43.221
1701045578.430722,TCP,41,6,0.0,54,2,0,0,0,0,1,0,0,0,49,33961.975708502025,33961.975708502025,0.0,0,0,0,0,1,1701045578.430722,1701045578.430722,1701045578.430722,1701045578.430722,0.0,0,0,1,0,0,0,0,0,1,0,0,0,0,0,1,1,5016,54,442,264.0,188.28757400932167,54,0.0026369094848632812,19,808448,22.978250586152114,266.2788407903106,35452.21052631579,1.0,361,0.9999999999999999,0,0,0,0,0,1701045578.430722,0.0,20.221.80.166
1701045578.430775,TCP,128,6,5.2928924560546875e-05,108,31,0,0,0,0,1,0,0,0,2,37786.52252252252,37786.52252252252,0.0,0,0,0,0,2,1701045578.430775,1701045578.430722,3402091156.861497,1701045578.4307485,2.6464462280273438e-05,0,0,1,0,0,0,0,0,1,0,0,0,0,0,1,1,5070,54,442,253.5,189.14108490753668,54,1701045578.430775,0,808448,22.978250586152114,266.2788407903106,35452.21052631579,1.0,361,0.9999999999999999,0,0,0,0,0,5.2928924560546875e-05,5.2928924560546875e-05,192.168.43.110
1701045578.533583,ICMP,64,1,0.0,0,11,0,0,0,0,0,0,0,0,50,37786.52252252252,37786.52252252252,0.0,0,0,0,0,0,1701045578.430775,1701045578.430722,3402091156.861497,1701045578.4307485,2.6464462280273438e-05,0,0,0,0,0,0,0,0,0,0,0,0,1,0,1,1,442,442,442,442.0,0.0,442,0.10280799865722656,1,808448,29.732137494637012,0.0,0.0,0.0,1,0.0,0,0,0,0,0,0.0,0.0,192.168.43.221
1701045578.626756,ICMP,64,1,0.0,0,12,0,0,0,0,0,0,0,0,51,37786.52252252252,37786.52252252252,0.0,0,0,0,0,0,1701045578.430775,1701045578.430722,3402091156.861497,1701045578.4307485,2.6464462280273438e-05,0,0,0,0,0,0,0,0,0,0,0,0,1,0,1,1,884,442,442,442.0,0.0,442,0.09317302703857422,2,808448,29.732137494637012,0.0,0.0,0.0,4,,0,0,0,0,0,0.0,0.0,192.168.43.221
1701045578.727068,ICMP,64,1,0.0,0,13,0,0,0,0,0,0,0,0,52,37786.52252252252,37786.52252252252,0.0,0,0,0,0,0,1701045578.430775,1701045578.430722,3402091156.861497,1701045578.4307485,2.6464462280273438e-05,0,0,0,0,0,0,0,0,0,0,0,0,1,0,1,1,1326,442,442,442.0,0.0,442,0.1003119945526123,3,808448,29.732137494637012,0.0,0.0,0.0,9,,0,0,0,0,0,0.0,0.0,192.168.43.221
1701045578.827839,ICMP,64,1,0.0,0,14,0,0,0,0,0,0,0,0,53,37786.52252252252,37786.52252252252,0.0,0,0,0,0,0,1701045578.430775,1701045578.430722,3402091156.861497,1701045578.4307485,2.6464462280273438e-05,0,0,0,0,0,0,0,0,0,0,0,0,1,0,1,1,1768,442,442,442.0,0.0,442,0.10077095031738281,4,808448,29.732137494637012,0.0,0.0,0.0,16,,0,0,0,0,0,0.0,0.0,192.168.43.221
1701045578.926782,ICMP,64,1,0.0,0,15,0,0,0,0,0,0,0,0,54,37786.52252252252,37786.52252252252,0.0,0,0,0,0,0,1701045578.430775,1701045578.430722,3402091156.861497,1701045578.4307485,2.6464462280273438e-05,0,0,0,0,0,0,0,0,0,0,0,0,1,0,1,1,2210,442,442,442.0,0.0,442,0.09894299507141113,5,808448,29.732137494637012,0.0,0.0,0.0,25,,0,0,0,0,0,0.0,0.0,192.168.43.221
1701045579.028866,ICMP,64,1,0.0,0,16,0,0,0,0,0,0,0,0,55,37786.52252252252,37786.52252252252,0.0,0,0,0,0,0,1701045578.430775,1701045578.430722,3402091156.861497,1701045578.4307485,2.6464462280273438e-05,0,0,0,0,0,0,0,0,0,0,0,0,1,0,1,1,2652,442,442,442.0,0.0,442,0.10208415985107422,6,808448,29.732137494637012,0.0,0.0,0.0,36,,0,0,0,0,0,0.0,0.0,192.168.43.221
1701045579.127567,ICMP,64,1,0.0,0,17,0,0,0,0,0,0,0,0,56,37786.52252252252,37786.52252252252,0.0,0,0,0,0,0,1701045578.430775,1701045578.430722,3402091156.861497,1701045578.4307485,2.6464462280273438e-05,0,0,0,0,0,0,0,0,0,0,0,0,1,0,1,1,3094,442,442,442.0,0.0,442,0.09870100021362305,7,808448,29.732137494637012,0.0,0.0,0.0,49,,0,0,0,0,0,0.0,0.0,192.168.43.221
1701045579.229571,ICMP,64,1,0.0,0,18,0,0,0,0,0,0,0,0,57,37786.52252252252,37786.52252252252,0.0,0,0,0,0,0,1701045578.430775,1701045578.430722,3402091156.861497,1701045578.4307485,2.6464462280273438e-05,0,0,0,0,0,0,0,0,0,0,0,0,1,0,1,1,3536,442,442,442.0,0.0,442,0.1020040512084961,8,808448,29.732137494637012,0.0,0.0,0.0,64,,0,0,0,0,0,0.0,0.0,192.168.43.221
1701045579.328587,ICMP,64,1,0.0,0,19,0,0,0,0,0,0,0,0,58,37786.52252252252,37786.52252252252,0.0,0,0,0,0,0,1701045578.430775,1701045578.430722,3402091156.861497,1701045578.4307485,2.6464462280273438e-05,0,0,0,0,0,0,0,0,0,0,0,0,1,0,1,1,3978,442,442,442.0,0.0,442,0.09901595115661621,9,808448,29.732137494637012,0.0,0.0,0.0,81,,0,0,0,0,0,0.0,0.0,192.168.43.221
1701045579.429237,ICMP,64,1,0.0,0,20,0,0,0,0,0,0,0,0,59,37786.52252252252,37786.52252252252,0.0,0,0,0,0,0,1701045578.430775,1701045578.430722,3402091156.861497,1701045578.4307485,2.6464462280273438e-05,0,0,0,0,0,0,0,0,0,0,0,0,1,0,1,1,4420,442,442,442.0,0.0,442,0.10064983367919922,10,808448,29.732137494637012,0.0,0.0,0.0,100,,0,0,0,0,0,0.0,0.0,192.168.43.221
1701045579.528727,ICMP,64,1,0.0,0,21,0,0,0,0,0,0,0,0,60,37786.52252252252,37786.52252252252,0.0,0,0,0,0,0,1701045578.430775,1701045578.430722,3402091156.861497,1701045578.4307485,2.6464462280273438e-05,0,0,0,0,0,0,0,0,0,0,0,0,1,0,1,1,4862,442,442,442.0,0.0,442,0.09949016571044922,11,808448,29.732137494637012,0.0,0.0,0.0,121,,0,0,0,0,0,0.0,0.0,192.168.43.221
1701045579.629751,ICMP,64,1,0.0,0,22,0,0,0,0,0,0,0,0,61,37786.52252252252,37786.52252252252,0.0,0,0,0,0,0,1701045578.430775,1701045578.430722,3402091156.861497,1701045578.4307485,2.6464462280273438e-05,0,0,0,0,0,0,0,0,0,0,0,0,1,0,1,1,5304,442,442,442.0,0.0,442,0.10102391242980957,12,808448,29.732137494637012,0.0,0.0,0.0,144,,0,0,0,0,0,0.0,0.0,192.168.43.221
1701045579.762114,ICMP,64,1,0.0,0,23,0,0,0,0,0,0,0,0,62,37786.52252252252,37786.52252252252,0.0,0,0,0,0,0,1701045578.430775,1701045578.430722,3402091156.861497,1701045578.4307485,2.6464462280273438e-05,0,0,0,0,0,0,0,0,0,0,0,0,1,0,1,1,5746,442,442,442.0,0.0,442,0.13236308097839355,13,808448,29.732137494637012,0.0,0.0,0.0,169,,0,0,0,0,0,0.0,0.0,192.168.43.221
1701045579.798435,TCP,52,6,0.0,137,1,0,0,0,1,1,0,0,0,63,37786.52252252252,37786.52252252252,0.0,0,0,0,1,1,1701045579.798435,1701045579.798435,1701045579.798435,1701045579.798435,0.0,0,0,1,0,0,0,0,0,1,0,0,0,0,0,1,1,5883,137,442,420.2142857142857,78.5495099297512,137,0.03632092475891113,14,808448,28.990146109127693,111.08578226041425,6170.025510204081,1.0,196,1.0,0,0,0,0,0,1701045579.798435,0.0,142.250.190.42
1701045579.8201,ARP,0,0,0.0,0,0,0,0,0,0,0,0,0,0,0,37786.52252252252,37786.52252252252,0.0,0,0,0,0,0,1701045579.798435,1701045579.798435,1701045579.798435,1701045579.798435,0.0,0,0,0,0,0,0,0,0,0,0,0,1,0,0,0,0,5925,42,442,395.0,121.07573387484932,42,0.021665096282958984,15,0,28.106938645110393,171.22694492008748,14659.333333333334,1.0,225,0.9999999999999998,0,0,0,0,0,0.0,0.0,0
1701045579.820128,ARP,0,0,0.0,0,0,0,0,0,0,0,0,0,0,0,37786.52252252252,37786.52252252252,0.0,0,0,0,0,0,1701045579.798435,1701045579.798435,1701045579.798435,1701045579.798435,0.0,0,0,0,0,0,0,0,0,0,0,0,1,0,0,0,0,5967,42,442,372.9375,145.0669969143568,42,2.7894973754882812e-05,16,0,27.310712184049688,205.1557144890193,21044.43359375,1.0,256,1.0,0,0,0,0,0,0.0,0.0,0
1701045579.831271,ICMP,64,1,0.0,0,24,0,0,0,0,0,0,0,0,64,37786.52252252252,37786.52252252252,0.0,0,0,0,0,0,1701045579.798435,1701045579.798435,1701045579.798435,1701045579.798435,0.0,0,0,0,0,0,0,0,0,0,0,0,0,1,0,1,1,6409,42,442,377.0,141.67070351803198,442,0.011142969131469727,17,808448,27.459060435491963,200.35263030613856,20070.58823529412,1.0,289,0.9999999999999999,0,0,0,0,0,0.0,0.0,192.168.43.221
1701045579.848343,TCP,128,6,0.04990792274475098,191,32,0,0,0,0,1,0,0,0,1,40.07379770600347,40.07379770600347,0.0,0,0,0,1,2,1701045579.848343,1701045579.798435,3402091159.646778,1701045579.823389,0.02495396137266023,0,0,1,0,0,0,0,0,1,0,0,0,0,0,1,1,6463,42,442,359.05555555555554,156.29973776270822,54,0.017071962356567383,18,808448,26.797595248661978,221.04120893938017,24429.60802469136,1.0,324,1.0,0,0,0,0,0,0.04990792274475098,0.04990792274475098,192.168.43.110
1701045579.872538,TCP,52,6,0.0,102,2,0,0,0,1,1,0,0,0,65,40.07379770600347,40.07379770600347,0.0,0,0,0,1,1,1701045579.872538,1701045579.872538,1701045579.872538,1701045579.872538,0.0,0,0,1,0,0,0,0,0,1,0,0,0,0,0,1,1,6565,42,442,345.5263157894737,162.5994006660323,102,0.024195194244384766,19,808448,26.28787993693952,229.95027765563975,26438.56509695291,1.0,361,0.9999999999999999,0,0,0,0,0,1701045579.872538,0.0,142.250.190.42
1701045579.927112,TCP,128,6,0.054574012756347656,156,33,0,0,0,0,1,0,0,0,2,36.64747924858017,36.64747924858017,0.0,0,0,0,1,2,1701045579.927112,1701045579.872538,3402091159.79965,1701045579.899825,0.027287006378173828,0,0,1,0,0,0,0,0,1,0,0,0,0,0,1,1,6619,42,442,330.95,170.74409945880998,54,1701045579.927112,0,808448,26.28787993693952,229.95027765563975,26438.56509695291,1.0,361,0.9999999999999999,0,0,0,0,0,0.054574012756347656,0.054574012756347656,192.168.43.110
1701045579.931728,ICMP,64,1,0.0,0,25,0,0,0,0,0,0,0,0,66,36.64747924858017,36.64747924858017,0.0,0,0,0,0,0,1701045579.927112,1701045579.872538,3402091159.79965,1701045579.899825,0.027287006378173828,0,0,0,0,0,0,0,0,0,0,0,0,1,0,1,1,442,442,442,442.0,0.0,442,0.00461578369140625,1,808448,29.732137494637012,0.0,0.0,0.0,1,0.0,0,0,0,0,0,0.0,0.0,192.168.43.221
1701045580.031008,ICMP,64,1,0.0,0,26,0,0,0,0,0,0,0,0,67,36.64747924858017,36.64747924858017,0.0,0,0,0,0,0,1701045579.927112,1701045579.872538,3402091159.79965,1701045579.899825,0.027287006378173828,0,0,0,0,0,0,0,0,0,0,0,0,1,0,1,1,884,442,442,442.0,0.0,442,0.09928011894226074,2,808448,29.732137494637012,0.0,0.0,0.0,4,,0,0,0,0,0,0.0,0.0,192.168.43.221
1701045580.129695,ICMP,64,1,0.0,0,27,0,0,0,0,0,0,0,0,68,36.64747924858017,36.64747924858017,0.0,0,0,0,0,0,1701045579.927112,1701045579.872538,3402091159.79965,1701045579.899825,0.027287006378173828,0,0,0,0,0,0,0,0,0,0,0,0,1,0,1,1,1326,442,442,442.0,0.0,442,0.09868693351745605,3,808448,29.732137494637012,0.0,0.0,0.0,9,,0,0,0,0,0,0.0,0.0,192.168.43.221
1701045580.230619,ICMP,64,1,0.0,0,28,0,0,0,0,0,0,0,0,69,36.64747924858017,36.64747924858017,0.0,0,0,0,0,0,1701045579.927112,1701045579.872538,3402091159.79965,1701045579.899825,0.027287006378173828,0,0,0,0,0,0,0,0,0,0,0,0,1,0,1,1,1768,442,442,442.0,0.0,442,0.10092401504516602,4,808448,29.732137494637012,0.0,0.0,0.0,16,,0,0,0,0,0,0.0,0.0,192.168.43.221
1701045580.331826,ICMP,64,1,0.0,0,29,0,0,0,0,0,0,0,0,70,36.64747924858017,36.64747924858017,0.0,0,0,0,0,0,1701045579.927112,1701045579.872538,3402091159.79965,1701045579.899825,0.027287006378173828,0,0,0,0,0,0,0,0,0,0,0,0,1,0,1,1,2210,442,442,442.0,0.0,442,0.10120701789855957,5,808448,29.732137494637012,0.0,0.0,0.0,25,,0,0,0,0,0,0.0,0.0,192.168.43.221
1701045580.435008,ICMP,64,1,0.0,0,30,0,0,0,0,0,0,0,0,71,36.64747924858017,36.64747924858017,0.0,0,0,0,0,0,1701045579.927112,1701045579.872538,3402091159.79965,1701045579.899825,0.027287006378173828,0,0,0,0,0,0,0,0,0,0,0,0,1,0,1,1,2652,442,442,442.0,0.0,442,0.10318207740783691,6,808448,29.732137494637012,0.0,0.0,0.0,36,,0,0,0,0,0,0.0,0.0,192.168.43.221
1701045580.530594,ICMP,64,1,0.0,0,31,0,0,0,0,0,0,0,0,72,36.64747924858017,36.64747924858017,0.0,0,0,0,0,0,1701045579.927112,1701045579.872538,3402091159.79965,1701045579.899825,0.027287006378173828,0,0,0,0,0,0,0,0,0,0,0,0,1,0,1,1,3094,442,442,442.0,0.0,442,0.09558606147766113,7,808448,29.732137494637012,0.0,0.0,0.0,49,,0,0,0,0,0,0.0,0.0,192.168.43.221
1701045580.631632,ICMP,64,1,0.0,0,32,0,0,0,0,0,0,0,0,73,36.64747924858017,36.64747924858017,0.0,0,0,0,0,0,1701045579.927112,1701045579.872538,3402091159.79965,1701045579.899825,0.027287006378173828,0,0,0,0,0,0,0,0,0,0,0,0,1,0,1,1,3536,442,442,442.0,0.0,442,0.10103797912597656,8,808448,29.732137494637012,0.0,0.0,0.0,64,,0,0,0,0,0,0.0,0.0,192.168.43.221
1701045580.730805,ICMP,64,1,0.0,0,33,0,0,0,0,0,0,0,0,74,36.64747924858017,36.64747924858017,0.0,0,0,0,0,0,1701045579.927112,1701045579.872538,3402091159.79965,1701045579.899825,0.027287006378173828,0,0,0,0,0,0,0,0,0,0,0,0,1,0,1,1,3978,442,442,442.0,0.0,442,0.09917283058166504,9,808448,29.732137494637012,0.0,0.0,0.0,81,,0,0,0,0,0,0.0,0.0,192.168.43.221
1701045580.834172,ICMP,64,1,0.0,0,34,0,0,0,0,0,0,0,0,75,36.64747924858017,36.64747924858017,0.0,0,0,0,0,0,1701045579.927112,1701045579.872538,3402091159.79965,1701045579.899825,0.027287006378173828,0,0,0,0,0,0,0,0,0,0,0,0,1,0,1,1,4420,442,442,442.0,0.0,442,0.10336709022521973,10,808448,29.732137494637012,0.0,0.0,0.0,100,,0,0,0,0,0,0.0,0.0,192.168.43.221
1701045580.931592,ICMP,64,1,0.0,0,35,0,0,0,0,0,0,0,0,76,36.64747924858017,36.64747924858017,0.0,0,0,0,0,0,1701045579.927112,1701045579.872538,3402091159.79965,1701045579.899825,0.027287006378173828,0,0,0,0,0,0,0,0,0,0,0,0,1,0,1,1,4862,442,442,442.0,0.0,442,0.09741997718811035,11,808448,29.732137494637012,0.0,0.0,0.0,121,,0,0,0,0,0,0.0,0.0,192.168.43.221
1701045581.039535,ICMP,64,1,0.0,0,36,0,0,0,0,0,0,0,0,77,36.64747924858017,36.64747924858017,0.0,0,0,0,0,0,1701045579.927112,1701045579.872538,3402091159.79965,1701045579.899825,0.027287006378173828,0,0,0,0,0,0,0,0,0,0,0,0,1,0,1,1,5304,442,442,442.0,0.0,442,0.10794305801391602,12,808448,29.732137494637012,0.0,0.0,0.0,144,,0,0,0,0,0,0.0,0.0,192.168.43.221
1701045581.132354,ICMP,64,1,0.0,0,37,0,0,0,0,0,0,0,0,78,36.64747924858017,36.64747924858017,0.0,0,0,0,0,0,1701045579.927112,1701045579.872538,3402091159.79965,1701045579.899825,0.027287006378173828,0,0,0,0,0,0,0,0,0,0,0,0,1,0,1,1,5746,442,442,442.0,0.0,442,0.0928189754486084,13,808448,29.732137494637012,0.0,0.0,0.0,169,,0,0,0,0,0,0.0,0.0,192.168.43.221
1701045581.232075,ICMP,64,1,0.0,0,38,0,0,0,0,0,0,0,0,79,36.64747924858017,36.64747924858017,0.0,0,0,0,0,0,1701045579.927112,1701045579.872538,3402091159.79965,1701045579.899825,0.027287006378173828,0,0,0,0,0,0,0,0,0,0,0,0,1,0,1,1,6188,442,442,442.0,0.0,442,0.09972095489501953,14,808448,29.732137494637012,0.0,0.0,0.0,196,,0,0,0,0,0,0.0,0.0,192.168.43.221
1701045581.331761,ICMP,64,1,0.0,0,39,0,0,0,0,0,0,0,0,80,36.64747924858017,36.64747924858017,0.0,0,0,0,0,0,1701045579.927112,1701045579.872538,3402091159.79965,1701045579.899825,0.027287006378173828,0,0,0,0,0,0,0,0,0,0,0,0,1,0,1,1,6630,442,442,442.0,0.0,442,0.0996859073638916,15,808448,29.732137494637012,0.0,0.0,0.0,225,,0,0,0,0,0,0.0,0.0,192.168.43.221
1701045581.431612,ICMP,64,1,0.0,0,40,0,0,0,0,0,0,0,0,81,36.64747924858017,36.64747924858017,0.0,0,0,0,0,0,1701045579.927112,1701045579.872538,3402091159.79965,1701045579.899825,0.027287006378173828,0,0,0,0,0,0,0,0,0,0,0,0,1,0,1,1,7072,442,442,442.0,0.0,442,0.09985113143920898,16,808448,29.732137494637012,0.0,0.0,0.0,256,,0,0,0,0,0,0.0,0.0,192.168.43.221
1701045581.531652,ICMP,64,1,0.0,0,41,0,0,0,0,0,0,0,0,82,36.64747924858017,36.64747924858017,0.0,0,0,0,0,0,1701045579.927112,1701045579.872538,3402091159.79965,1701045579.899825,0.027287006378173828,0,0,0,0,0,0,0,0,0,0,0,0,1,0,1,1,7514,442,442,442.0,0.0,442,0.10003995895385742,17,808448,29.732137494637012,0.0,0.0,0.0,289,,0,0,0,0,0,0.0,0.0,192.168.43.221
1701045581.631418,ICMP,64,1,0.0,0,42,0,0,0,0,0,0,0,0,83,36.64747924858017,36.64747924858017,0.0,0,0,0,0,0,1701045579.927112,1701045579.872538,3402091159.79965,1701045579.899825,0.027287006378173828,0,0,0,0,0,0,0,0,0,0,0,0,1,0,1,1,7956,442,442,442.0,0.0,442,0.09976601600646973,18,808448,29.732137494637012,0.0,0.0,0.0,324,,0,0,0,0,0,0.0,0.0,192.168.43.221
1701045581.731359,ICMP,64,1,0.0,0,43,0,0,0,0,0,0,0,0,84,36.64747924858017,36.64747924858017,0.0,0,0,0,0,0,1701045579.927112,1701045579.872538,3402091159.79965,1701045579.899825,0.027287006378173828,0,0,0,0,0,0,0,0,0,0,0,0,1,0,1,1,8398,442,442,442.0,0.0,442,0.09994101524353027,19,808448,29.732137494637012,0.0,0.0,0.0,361,,0,0,0,0,0,0.0,0.0,192.168.43.221
1701045581.834293,ICMP,64,1,0.0,0,44,0,0,0,0,0,0,0,0,85,36.64747924858017,36.64747924858017,0.0,0,0,0,0,0,1701045579.927112,1701045579.872538,3402091159.79965,1701045579.899825,0.027287006378173828,0,0,0,0,0,0,0,0,0,0,0,0,1,0,1,1,8840,442,442,442.0,0.0,442,1701045581.834293,0,808448,29.732137494637012,0.0,0.0,0.0,361,,0,0,0,0,0,0.0,0.0,192.168.43.221
1701045581.932356,ICMP,64,1,0.0,0,45,0,0,0,0,0,0,0,0,86,36.64747924858017,36.64747924858017,0.0,0,0,0,0,0,1701045579.927112,1701045579.872538,3402091159.79965,1701045579.899825,0.027287006378173828,0,0,0,0,0,0,0,0,0,0,0,0,1,0,1,1,442,442,442,442.0,0.0,442,0.09806323051452637,1,808448,29.732137494637012,0.0,0.0,0.0,1,0.0,0,0,0,0,0,0.0,0.0,192.168.43.221
1701045582.033402,ICMP,64,1,0.0,0,46,0,0,0,0,0,0,0,0,87,36.64747924858017,36.64747924858017,0.0,0,0,0,0,0,1701045579.927112,1701045579.872538,3402091159.79965,1701045579.899825,0.027287006378173828,0,0,0,0,0,0,0,0,0,0,0,0,1,0,1,1,884,442,442,442.0,0.0,442,0.10104584693908691,2,808448,29.732137494637012,0.0,0.0,0.0,4,,0,0,0,0,0,0.0,0.0,192.168.43.221
1701045582.132697,ICMP,64,1,0.0,0,47,0,0,0,0,0,0,0,0,88,36.64747924858017,36.64747924858017,0.0,0,0,0,0,0,1701045579.927112,1701045579.872538,3402091159.79965,1701045579.899825,0.027287006378173828,0,0,0,0,0,0,0,0,0,0,0,0,1,0,1,1,1326,442,442,442.0,0.0,442,0.09929513931274414,3,808448,29.732137494637012,0.0,0.0,0.0,9,,0,0,0,0,0,0.0,0.0,192.168.43.221
1701045582.235196,ICMP,64,1,0.0,0,48,0,0,0,0,0,0,0,0,89,36.64747924858017,36.64747924858017,0.0,0,0,0,0,0,1701045579.927112,1701045579.872538,3402091159.79965,1701045579.899825,0.027287006378173828,0,0,0,0,0,0,0,0,0,0,0,0,1,0,1,1,1768,442,442,442.0,0.0,442,0.10249900817871094,4,808448,29.732137494637012,0.0,0.0,0.0,16,,0,0,0,0,0,0.0,0.0,192.168.43.221
1701045582.333869,ICMP,64,1,0.0,0,49,0,0,0,0,0,0,0,0,90,36.64747924858017,36.64747924858017,0.0,0,0,0,0,0,1701045579.927112,1701045579.872538,3402091159.79965,1701045579.899825,0.027287006378173828,0,0,0,0,0,0,0,0,0,0,0,0,1,0,1,1,2210,442,442,442.0,0.0,442,0.09867286682128906,5,808448,29.732137494637012,0.0,0.0,0.0,25,,0,0,0,0,0,0.0,0.0,192.168.43.221
1701045582.432385,ICMP,64,1,0.0,0,50,0,0,0,0,0,0,0,0,91,36.64747924858017,36.64747924858017,0.0,0,0,0,0,0,1701045579.927112,1701045579.872538,3402091159.79965,1701045579.899825,0.027287006378173828,0,0,0,0,0,0,0,0,0,0,0,0,1,0,1,1,2652,442,442,442.0,0.0,442,0.09851598739624023,6,808448,29.732137494637012,0.0,0.0,0.0,36,,0,0,0,0,0,0.0,0.0,192.168.43.221
1701045582.535381,ICMP,64,1,0.0,0,51,0,0,0,0,0,0,0,0,92,36.64747924858017,36.64747924858017,0.0,0,0,0,0,0,1701045579.927112,1701045579.872538,3402091159.79965,1701045579.899825,0.027287006378173828,0,0,0,0,0,0,0,0,0,0,0,0,1,0,1,1,3094,442,442,442.0,0.0,442,0.1029961109161377,7,808448,29.732137494637012,0.0,0.0,0.0,49,,0,0,0,0,0,0.0,0.0,192.168.43.221
1701045582.631563,ARP,0,0,0.0,0,0,0,0,0,0,0,0,0,0,0,36.64747924858017,36.64747924858017,0.0,0,0,0,0,0,1701045579.927112,1701045579.872538,3402091159.79965,1701045579.899825,0.027287006378173828,0,0,0,0,0,0,0,0,0,0,0,1,0,0,0,0,3136,42,442,392.0,132.28756555322954,42,0.09618186950683594,8,0,28.0,187.08286933869707,17500.0,1.0,64,1.0,0,0,0,0,0,0.0,0.0,0
1701045582.631604,ARP,0,0,0.0,0,0,0,0,0,0,0,0,0,0,0,36.64747924858017,36.64747924858017,0.0,0,0,0,0,0,1701045579.927112,1701045579.872538,3402091159.79965,1701045579.899825,0.027287006378173828,0,0,0,0,0,0,0,0,0,0,0,1,0,0,0,0,3178,42,442,353.1111111111111,166.2958838566196,42,4.100799560546875e-05,9,0,26.574841903992997,235.17789431685247,27654.32098765432,1.0,81,1.0,0,0,0,0,0,0.0,0.0,0
1701045582.633052,ICMP,64,1,0.0,0,52,0,0,0,0,0,0,0,0,93,36.64747924858017,36.64747924858017,0.0,0,0,0,0,0,1701045579.927112,1701045579.872538,3402091159.79965,1701045579.899825,0.027287006378173828,0,0,0,0,0,0,0,0,0,0,0,0,1,0,1,1,3620,42,442,362.0,160.0,442,0.0014481544494628906,10,808448,26.90724809414742,226.27416997969522,25600.0,1.0,100,1.0,0,0,0,0,0,0.0,0.0,192.168.43.221
1701045582.733229,ICMP,64,1,0.0,0,53,0,0,0,0,0,0,0,0,94,36.64747924858017,36.64747924858017,0.0,0,0,0,0,0,1701045579.927112,1701045579.872538,3402091159.79965,1701045579.899825,0.027287006378173828,0,0,0,0,0,0,0,0,0,0,0,0,1,0,1,1,4062,42,442,369.27272727272725,154.277843167974,442,0.10017681121826172,11,808448,27.17619278974622,218.1818181818182,23801.652892561982,1.0,121,1.0,0,0,0,0,0,0.0,0.0,192.168.43.221
1701045582.833319,ICMP,64,1,0.0,0,54,0,0,0,0,0,0,0,0,95,36.64747924858017,36.64747924858017,0.0,0,0,0,0,0,1701045579.927112,1701045579.872538,3402091159.79965,1701045579.899825,0.027287006378173828,0,0,0,0,0,0,0,0,0,0,0,0,1,0,1,1,4504,42,442,375.3333333333333,149.07119849998597,442,0.10009002685546875,12,808448,27.39829678404602,210.81851067789194,22222.22222222222,1.0,144,0.9999999999999999,0,0,0,0,0,0.0,0.0,192.168.43.221
1701045582.93725,ICMP,64,1,0.0,0,55,0,0,0,0,0,0,0,0,96,36.64747924858017,36.64747924858017,0.0,0,0,0,0,0,1701045579.927112,1701045579.872538,3402091159.79965,1701045579.899825,0.027287006378173828,0,0,0,0,0,0,0,0,0,0,0,0,1,0,1,1,4946,42,442,380.46153846153845,144.320484917644,442,0.10393095016479492,13,808448,27.584834183352942,204.09998709879383,20828.402366863906,1.0,169,0.9999999999999996,0,0,0,0,0,0.0,0.0,192.168.43.221
1701045583.03775,ICMP,64,1,0.0,0,56,0,0,0,0,0,0,0,0,97,36.64747924858017,36.64747924858017,0.0,0,0,0,0,0,1701045579.927112,1701045579.872538,3402091159.79965,1701045579.899825,0.027287006378173828,0,0,0,0,0,0,0,0,0,0,0,0,1,0,1,1,5388,42,442,384.85714285714283,139.97084244475303,442,0.10050010681152344,14,808448,27.743725159291166,197.94866372215742,19591.83673469388,1.0,196,0.9999999999999997,0,0,0,0,0,0.0,0.0,192.168.43.221
1701045583.137611,ICMP,64,1,0.0,0,57,0,0,0,0,0,0,0,0,98,36.64747924858017,36.64747924858017,0.0,0,0,0,0,0,1701045579.927112,1701045579.872538,3402091159.79965,1701045579.899825,0.027287006378173828,0,0,0,0,0,0,0,0,0,0,0,0,1,0,1,1,5830,42,442,388.6666666666667,135.97385369580758,442,0.09986090660095215,15,808448,27.880698221768647,192.2960680247461,18488.888888888887,1.0,225,0.9999999999999998,0,0,0,0,0,0.0,0.0,192.168.43.221
1701045583.235437,ICMP,64,1,0.0,0,58,0,0,0,0,0,0,0,0,99,36.64747924858017,36.64747924858017,0.0,0,0,0,0,0,1701045579.927112,1701045579.872538,3402091159.79965,1701045579.899825,0.027287006378173828,0,0,0,0,0,0,0,0,0,0,0,0,1,0,1,1,6272,42,442,392.0,132.28756555322954,442,0.09782600402832031,16,808448,28.0,187.08286933869707,17500.0,1.0,256,0.9999999999999998,0,0,0,0,0,0.0,0.0,192.168.43.221
1701045583.334353,ICMP,64,1,0.0,0,59,0,0,0,0,0,0,0,0,100,36.64747924858017,36.64747924858017,0.0,0,0,0,0,0,1701045579.927112,1701045579.872538,3402091159.79965,1701045579.899825,0.027287006378173828,0,0,0,0,0,0,0,0,0,0,0,0,1,0,1,1,6714,42,442,394.94117647058823,128.8758958835685,442,0.09891605377197266,17,808448,28.104845719931937,182.2580398215255,16608.99653979238,1.0,289,1.0,0,0,0,0,0,0.0,0.0,192.168.43.221
1701045583.435429,ICMP,64,1,0.0,0,60,0,0,0,0,0,0,0,0,101,36.64747924858017,36.64747924858017,0.0,0,0,0,0,0,1701045579.927112,1701045579.872538,3402091159.79965,1701045579.899825,0.027287006378173828,0,0,0,0,0,0,0,0,0,0,0,0,1,0,1,1,7156,42,442,397.55555555555554,125.70787221094179,442,0.10107612609863281,18,808448,28.1977146434088,177.7777777777778,15802.469135802481,1.0,324,1.0,0,0,0,0,0,0.0,0.0,192.168.43.221
1701045583.535734,ICMP,64,1,0.0,0,61,0,0,0,0,0,0,0,0,102,36.64747924858017,36.64747924858017,0.0,0,0,0,0,0,1701045579.927112,1701045579.872538,3402091159.79965,1701045579.899825,0.027287006378173828,0,0,0,0,0,0,0,0,0,0,0,0,1,0,1,1,7598,42,442,399.89473684210526,122.75688199674319,442,0.10030484199523926,19,808448,28.28054938794879,173.60444739442784,15069.252077562342,1.0,361,1.0,0,0,0,0,0,0.0,0.0,192.168.43.221
1701045583.636455,ICMP,64,1,0.0,0,62,0,0,0,0,0,0,0,0,103,36.64747924858017,36.64747924858017,0.0,0,0,0,0,0,1701045579.927112,1701045579.872538,3402091159.79965,1701045579.899825,0.027287006378173828,0,0,0,0,0,0,0,0,0,0,0,0,1,0,1,1,8040,42,442,402.0,120.0,442,1701045583.636455,0,808448,28.28054938794879,173.60444739442784,15069.252077562342,1.0,361,1.0,0,0,0,0,0,0.0,0.0,192.168.43.221
1701045583.739526,ICMP,64,1,0.0,0,63,0,0,0,0,0,0,0,0,104,36.64747924858017,36.64747924858017,0.0,0,0,0,0,0,1701045579.927112,1701045579.872538,3402091159.79965,1701045579.899825,0.027287006378173828,0,0,0,0,0,0,0,0,0,0,0,0,1,0,1,1,442,442,442,442.0,0.0,442,0.10307097434997559,1,808448,29.732137494637012,0.0,0.0,0.0,1,0.0,0,0,0,0,0,0.0,0.0,192.168.43.221
1701045583.836453,ICMP,64,1,0.0,0,64,0,0,0,0,0,0,0,0,105,36.64747924858017,36.64747924858017,0.0,0,0,0,0,0,1701045579.927112,1701045579.872538,3402091159.79965,1701045579.899825,0.027287006378173828,0,0,0,0,0,0,0,0,0,0,0,0,1,0,1,1,884,442,442,442.0,0.0,442,0.09692692756652832,2,808448,29.732137494637012,0.0,0.0,0.0,4,,0,0,0,0,0,0.0,0.0,192.168.43.221
1701045583.937207,ICMP,64,1,0.0,0,65,0,0,0,0,0,0,0,0,106,36.64747924858017,36.64747924858017,0.0,0,0,0,0,0,1701045579.927112,1701045579.872538,3402091159.79965,1701045579.899825,0.027287006378173828,0,0,0,0,0,0,0,0,0,0,0,0,1,0,1,1,1326,442,442,442.0,0.0,442,0.1007540225982666,3,808448,29.732137494637012,0.0,0.0,0.0,9,,0,0,0,0,0,0.0,0.0,192.168.43.221
1701045584.037467,ICMP,64,1,0.0,0,66,0,0,0,0,0,0,0,0,107,36.64747924858017,36.64747924858017,0.0,0,0,0,0,0,1701045579.927112,1701045579.872538,3402091159.79965,1701045579.899825,0.027287006378173828,0,0,0,0,0,0,0,0,0,0,0,0,1,0,1,1,1768,442,442,442.0,0.0,442,0.10026001930236816,4,808448,29.732137494637012,0.0,0.0,0.0,16,,0,0,0,0,0,0.0,0.0,192.168.43.221
1701045584.142132,ICMP,64,1,0.0,0,67,0,0,0,0,0,0,0,0,108,36.64747924858017,36.64747924858017,0.0,0,0,0,0,0,1701045579.927112,1701045579.872538,3402091159.79965,1701045579.899825,0.027287006378173828,0,0,0,0,0,0,0,0,0,0,0,0,1,0,1,1,2210,442,442,442.0,0.0,442,0.10466504096984863,5,808448,29.732137494637012,0.0,0.0,0.0,25,,0,0,0,0,0,0.0,0.0,192.168.43.221
1701045584.238376,ICMP,64,1,0.0,0,68,0,0,0,0,0,0,0,0,109,36.64747924858017,36.64747924858017,0.0,0,0,0,0,0,1701045579.927112,1701045579.872538,3402091159.79965,1701045579.899825,0.027287006378173828,0,0,0,0,0,0,0,0,0,0,0,0,1,0,1,1,2652,442,442,442.0,0.0,442,0.09624385833740234,6,808448,29.732137494637012,0.0,0.0,0.0,36,,0,0,0,0,0,0.0,0.0,192.168.43.221
1701045584.340708,ICMP,64,1,0.0,0,69,0,0,0,0,0,0,0,0,110,36.64747924858017,36.64747924858017,0.0,0,0,0,0,0,1701045579.927112,1701045579.872538,3402091159.79965,1701045579.899825,0.027287006378173828,0,0,0,0,0,0,0,0,0,0,0,0,1,0,1,1,3094,442,442,442.0,0.0,442,0.10233211517333984,7,808448,29.732137494637012,0.0,0.0,0.0,49,,0,0,0,0,0,0.0,0.0,192.168.43.221
1701045584.442702,ICMP,64,1,0.0,0,70,0,0,0,0,0,0,0,0,111,36.64747924858017,36.64747924858017,0.0,0,0,0,0,0,1701045579.927112,1701045579.872538,3402091159.79965,1701045579.899825,0.027287006378173828,0,0,0,0,0,0,0,0,0,0,0,0,1,0,1,1,3536,442,442,442.0,0.0,442,0.10199403762817383,8,808448,29.732137494637012,0.0,0.0,0.0,64,,0,0,0,0,0,0.0,0.0,192.168.43.221
1701045584.539848,ICMP,64,1,0.0,0,71,0,0,0,0,0,0,0,0,112,36.64747924858017,36.64747924858017,0.0,0,0,0,0,0,1701045579.927112,1701045579.872538,3402091159.79965,1701045579.899825,0.027287006378173828,0,0,0,0,0,0,0,0,0,0,0,0,1,0,1,1,3978,442,442,442.0,0.0,442,0.09714603424072266,9,808448,29.732137494637012,0.0,0.0,0.0,81,,0,0,0,0,0,0.0,0.0,192.168.43.221
1701045584.641994,ICMP,64,1,0.0,0,72,0,0,0,0,0,0,0,0,113,36.64747924858017,36.64747924858017,0.0,0,0,0,0,0,1701045579.927112,1701045579.872538,3402091159.79965,1701045579.899825,0.027287006378173828,0,0,0,0,0,0,0,0,0,0,0,0,1,0,1,1,4420,442,442,442.0,0.0,442,0.10214591026306152,10,808448,29.732137494637012,0.0,0.0,0.0,100,,0,0,0,0,0,0.0,0.0,192.168.43.221
1701045584.740569,ICMP,64,1,0.0,0,73,0,0,0,0,0,0,0,0,114,36.64747924858017,36.64747924858017,0.0,0,0,0,0,0,1701045579.927112,1701045579.872538,3402091159.79965,1701045579.899825,0.027287006378173828,0,0,0,0,0,0,0,0,0,0,0,0,1,0,1,1,4862,442,442,442.0,0.0,442,0.09857511520385742,11,808448,29.732137494637012,0.0,0.0,0.0,121,,0,0,0,0,0,0.0,0.0,192.168.43.221
1701045584.840417,ICMP,64,1,0.0,0,74,0,0,0,0,0,0,0,0,115,36.64747924858017,36.64747924858017,0.0,0,0,0,0,0,1701045579.927112,1701045579.872538,3402091159.79965,1701045579.899825,0.027287006378173828,0,0,0,0,0,0,0,0,0,0,0,0,1,0,1,1,5304,442,442,442.0,0.0,442,0.09984779357910156,12,808448,29.732137494637012,0.0,0.0,0.0,144,,0,0,0,0,0,0.0,0.0,192.168.43.221
1701045584.940248,ICMP,64,1,0.0,0,75,0,0,0,0,0,0,0,0,116,36.64747924858017,36.64747924858017,0.0,0,0,0,0,0,1701045579.927112,1701045579.872538,3402091159.79965,1701045579.899825,0.027287006378173828,0,0,0,0,0,0,0,0,0,0,0,0,1,0,1,1,5746,442,442,442.0,0.0,442,0.09983110427856445,13,808448,29.732137494637012,0.0,0.0,0.0,169,,0,0,0,0,0,0.0,0.0,192.168.43.221
1701045585.042202,ICMP,64,1,0.0,0,76,0,0,0,0,0,0,0,0,117,36.64747924858017,36.64747924858017,0.0,0,0,0,0,0,1701045579.927112,1701045579.872538,3402091159.79965,1701045579.899825,0.027287006378173828,0,0,0,0,0,0,0,0,0,0,0,0,1,0,1,1,6188,442,442,442.0,0.0,442,0.10195398330688477,14,808448,29.732137494637012,0.0,0.0,0.0,196,,0,0,0,0,0,0.0,0.0,192.168.43.221
1701045585.145044,ICMP,64,1,0.0,0,77,0,0,0,0,0,0,0,0,118,36.64747924858017,36.64747924858017,0.0,0,0,0,0,0,1701045579.927112,1701045579.872538,3402091159.79965,1701045579.899825,0.027287006378173828,0,0,0,0,0,0,0,0,0,0,0,0,1,0,1,1,6630,442,442,442.0,0.0,442,0.10284209251403809,15,808448,29.732137494637012,0.0,0.0,0.0,225,,0,0,0,0,0,0.0,0.0,192.168.43.221
1701045585.241912,ICMP,64,1,0.0,0,78,0,0,0,0,0,0,0,0,119,36.64747924858017,36.64747924858017,0.0,0,0,0,0,0,1701045579.927112,1701045579.872538,3402091159.79965,1701045579.899825,0.027287006378173828,0,0,0,0,0,0,0,0,0,0,0,0,1,0,1,1,7072,442,442,442.0,0.0,442,0.09686779975891113,16,808448,29.732137494637012,0.0,0.0,0.0,256,,0,0,0,0,0,0.0,0.0,192.168.43.221
1701045585.344694,ICMP,64,1,0.0,0,79,0,0,0,0,0,0,0,0,120,36.64747924858017,36.64747924858017,0.0,0,0,0,0,0,1701045579.927112,1701045579.872538,3402091159.79965,1701045579.899825,0.027287006378173828,0,0,0,0,0,0,0,0,0,0,0,0,1,0,1,1,7514,442,442,442.0,0.0,442,0.10278201103210449,17,808448,29.732137494637012,0.0,0.0,0.0,289,,0,0,0,0,0,0.0,0.0,192.168.43.221
1701045585.441923,ICMP,64,1,0.0,0,80,0,0,0,0,0,0,0,0,121,36.64747924858017,36.64747924858017,0.0,0,0,0,0,0,1701045579.927112,1701045579.872538,3402091159.79965,1701045579.899825,0.027287006378173828,0,0,0,0,0,0,0,0,0,0,0,0,1,0,1,1,7956,442,442,442.0,0.0,442,0.09722900390625,18,808448,29.732137494637012,0.0,0.0,0.0,324,,0,0,0,0,0,0.0,0.0,192.168.43.221
1701045585.542017,ICMP,64,1,0.0,0,81,0,0,0,0,0,0,0,0,122,36.64747924858017,36.64747924858017,0.0,0,0,0,0,0,1701045579.927112,1701045579.872538,3402091159.79965,1701045579.899825,0.027287006378173828,0,0,0,0,0,0,0,0,0,0,0,0,1,0,1,1,8398,442,442,442.0,0.0,442,0.10009407997131348,19,808448,29.732137494637012,0.0,0.0,0.0,361,,0,0,0,0,0,0.0,0.0,192.168.43.221
1701045585.643101,ICMP,64,1,0.0,0,82,0,0,0,0,0,0,0,0,123,36.64747924858017,36.64747924858017,0.0,0,0,0,0,0,1701045579.927112,1701045579.872538,3402091159.79965,1701045579.899825,0.027287006378173828,0,0,0,0,0,0,0,0,0,0,0,0,1,0,1,1,8840,442,442,442.0,0.0,442,1701045585.643101,0,808448,29.732137494637012,0.0,0.0,0.0,361,,0,0,0,0,0,0.0,0.0,192.168.43.221
1701045585.742196,ICMP,64,1,0.0,0,83,0,0,0,0,0,0,0,0,124,36.64747924858017,36.64747924858017,0.0,0,0,0,0,0,1701045579.927112,1701045579.872538,3402091159.79965,1701045579.899825,0.027287006378173828,0,0,0,0,0,0,0,0,0,0,0,0,1,0,1,1,442,442,442,442.0,0.0,442,0.09909510612487793,1,808448,29.732137494637012,0.0,0.0,0.0,1,0.0,0,0,0,0,0,0.0,0.0,192.168.43.221
1701045585.841964,ICMP,64,1,0.0,0,84,0,0,0,0,0,0,0,0,125,36.64747924858017,36.64747924858017,0.0,0,0,0,0,0,1701045579.927112,1701045579.872538,3402091159.79965,1701045579.899825,0.027287006378173828,0,0,0,0,0,0,0,0,0,0,0,0,1,0,1,1,884,442,442,442.0,0.0,442,0.09976792335510254,2,808448,29.732137494637012,0.0,0.0,0.0,4,,0,0,0,0,0,0.0,0.0,192.168.43.221
1701045585.942519,ICMP,64,1,0.0,0,85,0,0,0,0,0,0,0,0,126,36.64747924858017,36.64747924858017,0.0,0,0,0,0,0,1701045579.927112,1701045579.872538,3402091159.79965,1701045579.899825,0.027287006378173828,0,0,0,0,0,0,0,0,0,0,0,0,1,0,1,1,1326,442,442,442.0,0.0,442,0.1005549430847168,3,808448,29.732137494637012,0.0,0.0,0.0,9,,0,0,0,0,0,0.0,0.0,192.168.43.221
1701045586.0423,ICMP,64,1,0.0,0,86,0,0,0,0,0,0,0,0,127,36.64747924858017,36.64747924858017,0.0,0,0,0,0,0,1701045579.927112,1701045579.872538,3402091159.79965,1701045579.899825,0.027287006378173828,0,0,0,0,0,0,0,0,0,0,0,0,1,0,1,1,1768,442,442,442.0,0.0,442,0.09978103637695312,4,808448,29.732137494637012,0.0,0.0,0.0,16,,0,0,0,0,0,0.0,0.0,192.168.43.221
1701045586.143497,ICMP,64,1,0.0,0,87,0,0,0,0,0,0,0,0,128,36.64747924858017,36.64747924858017,0.0,0,0,0,0,0,1701045579.927112,1701045579.872538,3402091159.79965,1701045579.899825,0.027287006378173828,0,0,0,0,0,0,0,0,0,0,0,0,1,0,1,1,2210,442,442,442.0,0.0,442,0.1011970043182373,5,808448,29.732137494637012,0.0,0.0,0.0,25,,0,0,0,0,0,0.0,0.0,192.168.43.221
1701045586.243357,ICMP,64,1,0.0,0,88,0,0,0,0,0,0,0,0,129,36.64747924858017,36.64747924858017,0.0,0,0,0,0,0,1701045579.927112,1701045579.872538,3402091159.79965,1701045579.899825,0.027287006378173828,0,0,0,0,0,0,0,0,0,0,0,0,1,0,1,1,2652,442,442,442.0,0.0,442,0.09985995292663574,6,808448,29.732137494637012,0.0,0.0,0.0,36,,0,0,0,0,0,0.0,0.0,192.168.43.221
1701045586.34381,ICMP,64,1,0.0,0,89,0,0,0,0,0,0,0,0,130,36.64747924858017,36.64747924858017,0.0,0,0,0,0,0,1701045579.927112,1701045579.872538,3402091159.79965,1701045579.899825,0.027287006378173828,0,0,0,0,0,0,0,0,0,0,0,0,1,0,1,1,3094,442,442,442.0,0.0,442,0.10045313835144043,7,808448,29.732137494637012,0.0,0.0,0.0,49,,0,0,0,0,0,0.0,0.0,192.168.43.221
1701045586.44288,ICMP,64,1,0.0,0,90,0,0,0,0,0,0,0,0,131,36.64747924858017,36.64747924858017,0.0,0,0,0,0,0,1701045579.927112,1701045579.872538,3402091159.79965,1701045579.899825,0.027287006378173828,0,0,0,0,0,0,0,0,0,0,0,0,1,0,1,1,3536,442,442,442.0,0.0,442,0.09906983375549316,8,808448,29.732137494637012,0.0,0.0,0.0,64,,0,0,0,0,0,0.0,0.0,192.168.43.221
1701045586.543265,ICMP,64,1,0.0,0,91,0,0,0,0,0,0,0,0,132,36.64747924858017,36.64747924858017,0.0,0,0,0,0,0,1701045579.927112,1701045579.872538,3402091159.79965,1701045579.899825,0.027287006378173828,0,0,0,0,0,0,0,0,0,0,0,0,1,0,1,1,3978,442,442,442.0,0.0,442,0.10038518905639648,9,808448,29.732137494637012,0.0,0.0,0.0,81,,0,0,0,0,0,0.0,0.0,192.168.43.221
1701045586.643179,ICMP,64,1,0.0,0,92,0,0,0,0,0,0,0,0,133,36.64747924858017,36.64747924858017,0.0,0,0,0,0,0,1701045579.927112,1701045579.872538,3402091159.79965,1701045579.899825,0.027287006378173828,0,0,0,0,0,0,0,0,0,0,0,0,1,0,1,1,4420,442,442,442.0,0.0,442,0.0999138355255127,10,808448,29.732137494637012,0.0,0.0,0.0,100,,0,0,0,0,0,0.0,0.0,192.168.43.221
1701045586.654314,TCP,128,6,10.002577066421509,434,34,0,0,0,1,1,0,0,0,3,0.49987117987672597,0.49987117987672597,0.0,0,0,0,3,5,1701045586.654314,1701045576.651737,8505227893.577093,1701045578.7154186,3.969695238002202,0,0,1,0,0,0,0,0,1,0,0,0,0,0,1,1,4528,108,442,411.6363636363636,96.01824895420351,108,0.011135101318359375,11,808448,28.692729519387438,135.79030990635087,9219.504132231405,1.0,121,0.9999999999999999,0,0,0,0,0,9.865535974502563,10.002577066421509,192.168.43.110
1701045586.744769,ICMP,64,1,0.0,0,93,0,0,0,0,0,0,0,0,134,0.49987117987672597,0.49987117987672597,0.0,0,0,0,0,0,1701045586.654314,1701045576.651737,8505227893.577093,1701045578.7154186,3.969695238002202,0,0,0,0,0,0,0,0,0,0,0,0,1,0,1,1,4970,108,442,414.1666666666667,92.31272333155863,442,0.0904550552368164,12,808448,28.780780624113262,130.54990531508545,8521.638888888889,1.0,144,0.9999999999999999,0,0,0,0,0,0.0,0.0,192.168.43.221
1701045586.7547,TCP,45,6,10.102962970733643,544,3,0,0,0,1,1,0,0,0,135,0.5938851817413224,0.5938851817413224,0.0,0,0,0,4,6,1701045586.7547,1701045576.651737,10206273480.331793,1701045580.0552988,4.701963624188782,0,0,1,0,0,0,0,0,1,0,0,0,0,0,1,1,5080,108,442,390.7692307692308,120.1474439346242,110,0.009930849075317383,13,808448,27.956009399384268,169.9141446968066,14435.408284023668,1.0,169,0.9999999999999998,0,0,0,0,0,0.10038590431213379,10.102962970733643,3.18.218.179
1701045586.809061,TCP,128,6,10.157324075698853,598,35,0,0,0,0,1,0,0,0,4,0.6891578872379712,0.6891578872379712,0.0,0,0,0,4,7,1701045586.809061,1701045576.651737,11907319067.140854,1701045581.020122,4.953323403699232,0,0,1,0,0,0,0,0,1,0,0,0,0,0,1,1,5134,54,442,366.7142857142857,144.66040457935,54,0.05436110496520996,14,808448,27.081886408235512,204.58070609449575,20926.63265306122,1.0,196,0.9999999999999999,0,0,0,0,0,0.05436110496520996,10.157324075698853,192.168.43.110
1701045586.843591,ICMP,64,1,0.0,0,94,0,0,0,0,0,0,0,0,136,0.6891578872379712,0.6891578872379712,0.0,0,0,0,0,0,1701045586.809061,1701045576.651737,11907319067.140854,1701045581.020122,4.953323403699232,0,0,0,0,0,0,0,0,0,0,0,0,1,0,1,1,5576,54,442,371.73333333333335,141.01133130197573,442,0.034529924392700195,15,808448,27.266585166952364,199.42013717553982,19884.195555555558,1.0,225,1.0,0,0,0,0,0,0.0,0.0,192.168.43.221
1701045586.94812,ICMP,64,1,0.0,0,95,0,0,0,0,0,0,0,0,137,0.6891578872379712,0.6891578872379712,0.0,0,0,0,0,0,1701045586.809061,1701045576.651737,11907319067.140854,1701045581.020122,4.953323403699232,0,0,0,0,0,0,0,0,0,0,0,0,1,0,1,1,6018,54,442,376.125,137.58900528385254,442,0.10452914237976074,16,808448,27.427176303804956,194.58023730584767,18930.734375,1.0,256,0.9999999999999998,0,0,0,0,0,0.0,0.0,192.168.43.221
1701045587.04468,ICMP,64,1,0.0,0,96,0,0,0,0,0,0,0,0,138,0.6891578872379712,0.6891578872379712,0.0,0,0,0,0,0,1701045586.809061,1701045576.651737,11907319067.140854,1701045581.020122,4.953323403699232,0,0,0,0,0,0,0,0,0,0,0,0,1,0,1,1,6460,54,442,380.0,134.3778693264106,442,0.09656000137329102,17,808448,27.568097504180443,190.0390052842094,18057.41176470588,1.0,289,0.9999999999999998,0,0,0,0,0,0.0,0.0,192.168.43.221
1701045587.14315,ICMP,64,1,0.0,0,97,0,0,0,0,0,0,0,0,139,0.6891578872379712,0.6891578872379712,0.0,0,0,0,0,0,1701045586.809061,1701045576.651737,11907319067.140854,1701045581.020122,4.953323403699232,0,0,0,0,0,0,0,0,0,0,0,0,1,0,1,1,6902,54,442,383.44444444444446,131.3617660517965,442,0.09846997261047363,18,808448,27.692758780751493,185.77359112773223,17255.91358024692,1.0,324,1.0,0,0,0,0,0,0.0,0.0,192.168.43.221
1701045587.244794,ICMP,64,1,0.0,0,98,0,0,0,0,0,0,0,0,140,0.6891578872379712,0.6891578872379712,0.0,0,0,0,0,0,1701045586.809061,1701045576.651737,11907319067.140854,1701045581.020122,4.953323403699232,0,0,0,0,0,0,0,0,0,0,0,0,1,0,1,1,7344,54,442,386.5263157894737,128.524979518033,442,0.10164380073547363,19,808448,27.803824045964387,181.76176913812654,16518.6703601108,1.0,361,1.0,0,0,0,0,0,0.0,0.0,192.168.43.221
1701045587.345093,ICMP,64,1,0.0,0,99,0,0,0,0,0,0,0,0,141,0.6891578872379712,0.6891578872379712,0.0,0,0,0,0,0,1701045586.809061,1701045576.651737,11907319067.140854,1701045581.020122,4.953323403699232,0,0,0,0,0,0,0,0,0,0,0,0,1,0,1,1,7786,54,442,389.3,125.85273139666057,442,1701045587.345093,0,808448,27.803824045964387,181.76176913812654,16518.6703601108,1.0,361,1.0,0,0,0,0,0,0.0,0.0,192.168.43.221
1701045587.443904,ICMP,64,1,0.0,0,100,0,0,0,0,0,0,0,0,142,0.6891578872379712,0.6891578872379712,0.0,0,0,0,0,0,1701045586.809061,1701045576.651737,11907319067.140854,1701045581.020122,4.953323403699232,0,0,0,0,0,0,0,0,0,0,0,0,1,0,1,1,442,442,442,442.0,0.0,442,0.09881091117858887,1,808448,29.732137494637012,0.0,0.0,0.0,1,0.0,0,0,0,0,0,0.0,0.0,192.168.43.221
1701045589.349558,TCP,47,6,14.144844055175781,1730,7,0,0,0,1,1,0,0,0,143,0.4241828313267634,0.4241828313267634,0.0,0,0,0,4,6,1701045589.349558,1701045575.204714,10206273465.958668,1701045577.6597779,5.228827850011035,0,1,0,0,0,0,0,0,1,0,0,0,0,0,1,1,747,305,442,373.5,68.5,305,1.9056541919708252,2,808448,27.331300737432898,96.87362902255701,4692.25,1.0,4,1.0,0,0,0,0,0,13.84135103225708,14.144844055175781,149.154.167.91
1701045589.351742,TCP,128,6,14.147027969360352,2008,36,0,0,0,1,1,0,0,0,6,0.49480357394928515,0.49480357394928515,0.0,0,0,0,5,7,1701045589.351742,1701045575.204714,11907319055.31041,1701045579.3300586,6.338285141773602,0,1,0,0,0,0,0,0,1,0,0,0,0,0,1,1,1025,278,442,341.6666666666667,71.79755489491887,278,0.0021839141845703125,3,808448,26.14064523559687,101.53707587762106,5154.888888888889,1.0,9,1.0,0,0,0,0,0,0.0021839141845703125,14.147027969360352,192.168.43.110
1701045589.495763,TCP,47,6,14.291049003601074,2062,8,0,0,0,0,1,0,0,0,144,0.5597909571217726,0.5597909571217726,0.0,0,0,0,5,8,1701045589.495763,1701045575.204714,13608364644.806173,1701045580.6007717,6.815798435219115,0,1,0,0,0,0,0,0,1,0,0,0,0,0,1,1,1079,54,442,269.75,139.21992493892532,54,0.14402103424072266,4,808448,23.22713929867387,196.88670600119247,19382.1875,1.0,16,1.0,0,0,0,0,0,0.14402103424072266,14.291049003601074,149.154.167.91
1701045589.49583,TCP,128,6,14.291115999221802,2476,37,0,0,0,1,1,0,0,0,7,0.6297618744743293,0.6297618744743293,0.0,0,0,0,6,9,1701045589.49583,1701045575.204714,15309410234.302004,1701045581.5891116,7.007706806963299,0,1,0,0,0,0,0,0,1,0,0,0,0,0,1,1,1493,54,442,298.6,137.24081025700775,414,6.699562072753906e-05,5,808448,24.437675830569486,194.08781517653293,18835.04,1.0,25,1.0,0,0,0,0,0,6.699562072753906e-05,14.291115999221802,192.168.43.110
1701045589.669426,TCP,47,6,14.464711904525757,2530,9,0,0,0,0,1,0,0,0,145,0.6913376544244323,0.6913376544244323,0.0,0,0,0,6,10,1701045589.669426,1701045575.204714,17010455823.97143,1701045582.397143,7.076255563533376,0,1,0,0,0,0,0,0,1,0,0,0,0,0,1,1,1547,54,442,257.8333333333333,154.93699436294168,54,0.17359590530395508,6,808448,22.708295107001465,219.11399874139587,24005.47222222222,1.0,36,1.0,0,0,0,0,0,0.17359590530395508,14.464711904525757,149.154.167.91
1701045589.679123,TCP,47,6,14.474408864974976,2818,10,0,0,0,1,1,0,0,0,146,0.7599619509586804,0.7599619509586804,0.0,0,0,0,7,11,1701045589.679123,1701045575.204714,18711501413.65055,1701045583.059141,7.064253834693075,0,1,0,0,0,0,0,0,1,0,0,0,0,0,1,1,1835,54,442,262.14285714285717,143.83167599805046,288,0.00969696044921875,7,808448,22.897286177311805,203.40870689529572,20687.551020408166,1.0,49,0.9999999999999998,0,0,0,0,0,0.00969696044921875,14.474408864974976,149.154.167.91
1701045589.680601,TCP,128,6,14.475886821746826,3096,38,0,0,0,1,1,0,0,0,8,0.8289647568930041,0.8289647568930041,0.0,0,0,0,8,12,1701045589.680601,1701045575.204714,20412547003.33115,1701045583.6109293,7.006726478166385,0,1,0,0,0,0,0,0,1,0,0,0,0,0,1,1,2113,54,442,264.125,134.64438114901046,278,0.001477956771850586,8,808448,22.983689869122408,190.41590991826288,18129.109375,1.0,64,0.9999999999999999,0,0,0,0,0,0.001477956771850586,14.475886821746826,192.168.43.110
1701045589.828411,TCP,47,6,14.62369704246521,3150,11,0,0,0,0,1,0,0,0,147,0.8889680880457099,0.8889680880457099,0.0,0,0,0,8,13,1701045589.828411,1701045575.204714,22113592593.15956,1701045584.089197,6.932720907506228,0,1,0,0,0,0,0,0,1,0,0,0,0,0,1,1,2167,54,442,240.77777777777777,143.09264891265207,54,0.1478102207183838,9,808448,21.94437412084372,202.36356476816428,20475.50617283951,1.0,81,0.9999999999999999,0,0,0,0,0,0.1478102207183838,14.62369704246521,149.154.167.91
1701045589.828463,TCP,128,6,14.623749017715454,3308,39,0,0,0,1,1,0,0,0,9,0.957346846081683,0.957346846081683,0.0,0,0,0,9,14,1701045589.828463,1701045575.204714,23814638182.988026,1701045584.4991448,6.842098803687595,0,1,0,0,0,0,0,0,1,0,0,0,0,0,1,1,2325,54,442,232.5,138.00235505236859,158,5.1975250244140625e-05,10,808448,21.563858652847824,195.16480215448686,19044.65,1.0,100,1.0,0,0,0,0,0,5.1975250244140625e-05,14.623749017715454,192.168.43.110
1701045589.988432,TCP,47,6,14.78371787071228,3362,12,0,0,0,0,1,0,0,0,148,1.0146297522165375,1.0146297522165375,0.0,0,0,0,9,15,1701045589.988432,1701045575.204714,25515683772.976456,1701045584.865097,6.750426555975512,0,1,0,0,0,0,0,0,1,0,0,0,0,0,1,1,2379,54,442,216.27272727272728,141.23229794728638,54,0.15996885299682617,11,808448,20.7977271485481,199.7326312021702,19946.56198347107,1.0,121,0.9999999999999999,0,0,0,0,0,0.15996885299682617,14.78371787071228,149.154.167.91
1701045590.620485,TCP,128,6,13.968748092651367,708,40,0,0,0,1,1,0,0,0,5,0.5727070133227339,0.5727070133227339,0.0,0,0,0,5,8,1701045590.620485,1701045576.651737,13608364657.76134,1701045582.2201674,5.616871777844137,0,0,1,0,0,0,0,0,1,0,0,0,0,0,1,1,2489,54,442,207.41666666666666,138.3729611914441,110,0.6320531368255615,12,808448,20.367457704223504,195.68891838266617,19147.07638888889,1.0,144,1.0,0,0,0,0,0,3.8114240169525146,13.968748092651367,192.168.43.110
1701045590.755139,TCP,45,6,14.103402137756348,762,4,0,0,0,0,1,0,0,0,149,0.6381438969187454,0.6381438969187454,0.0,0,0,0,5,9,1701045590.755139,1701045576.651737,15309410248.516478,1701045583.1684976,5.936195558305751,0,0,1,0,0,0,0,0,1,0,0,0,0,0,1,1,2543,54,442,195.6153846153846,139.0879845839363,54,0.13465404510498047,13,808448,19.779554323360504,196.70011416174268,19345.4674556213,1.0,169,0.9999999999999997,0,0,0,0,0,0.13465404510498047,14.103402137756348,3.18.218.179
1701045592.109594,TCP,41,6,15.121313095092773,162,3,0,0,0,0,1,0,0,0,150,0.19839546877536526,0.19839546877536526,0.0,0,0,0,0,3,1701045592.109594,1701045576.988281,5103136746.086215,1701045582.0287383,7.128241473001794,0,0,1,0,0,0,0,0,1,0,0,0,0,0,1,1,2597,54,442,185.5,138.90220094934216,54,1.3544549942016602,14,808448,19.261360284258224,196.43737642603267,19293.821428571428,1.0,196,0.9999999999999998,0,0,0,0,0,15.121254205703735,15.121313095092773,20.221.80.166
1701045592.10965,TCP,128,6,15.121368885040283,216,41,0,0,0,0,1,0,0,0,3,0.2645263157330444,0.2645263157330444,0.0,0,0,0,0,4,1701045592.10965,1701045576.988281,6804182338.195865,1701045584.5489662,7.560655772740402,0,0,1,0,0,0,0,0,1,0,0,0,0,0,1,1,2651,54,442,176.73333333333332,138.14314636958608,54,5.5789947509765625e-05,15,808448,18.80070920648119,195.36391114476024,19083.52888888889,1.0,225,1.0,0,0,0,0,0,5.5789947509765625e-05,15.121368885040283,192.168.43.110
1701045593.588855,TCP,41,6,15.158133029937744,162,4,0,0,0,0,1,0,0,0,151,0.1979135553220779,0.1979135553220779,0.0,0,0,0,0,3,1701045593.588855,1701045578.430722,5103136750.450352,1701045583.4834507,7.145599961630023,0,0,1,0,0,0,0,0,1,0,0,0,0,0,1,1,2705,54,442,169.0625,137.01618004363573,54,1.4792051315307617,16,808448,18.388175548433292,193.77014008226345,18773.43359375,1.0,256,1.0,0,0,0,0,0,15.158080101013184,15.158133029937744,20.221.80.166
1701045593.588934,TCP,128,6,15.158211946487427,216,42,0,0,0,0,1,0,0,0,4,0.2638833665950231,0.2638833665950231,0.0,0,0,0,0,4,1701045593.588934,1701045578.430722,6804182344.039286,1701045586.0098214,7.579073011949612,0,0,1,0,0,0,0,0,1,0,0,0,0,0,1,1,2759,54,442,162.2941176470588,135.6543031584252,54,7.891654968261719e-05,17,808448,18.016332459580045,191.8441553209163,18402.08996539792,1.0,289,1.0,0,0,0,0,0,7.891654968261719e-05,15.158211946487427,192.168.43.110
1701045594.075738,UDP,128,17,19.447166919708252,382,43,0,0,0,0,0,0,0,0,3,0.15426411530204556,0.15426411530204556,0.0,0,0,0,0,0,1701045594.075738,1701045574.628571,5103136743.3839855,1701045581.1279953,9.155460381359374,0,0,0,1,0,0,0,0,0,1,0,0,0,0,1,1,2847,54,442,158.16666666666666,132.92614908704422,88,0.4868040084838867,18,808448,17.7857620959388,187.98596283292596,17669.36111111111,1.0,324,0.9999999999999998,0,0,0,0,0,19.396060943603516,19.447166919708252,192.168.43.110
1701045594.075855,UDP,128,17,19.447048902511597,394,44,0,0,0,0,0,0,0,0,4,0.15426505147588476,0.15426505147588476,0.0,0,0,0,0,0,1701045594.075855,1701045574.628806,5103136743.396648,1701045581.1322162,9.152571227529423,0,0,0,1,0,0,0,0,0,1,0,0,0,0,1,1,2935,54,442,154.47368421052633,130.32605605337173,88,0.00011706352233886719,19,808448,17.57689871453587,184.30887600127448,16984.880886426585,1.0,361,1.0,0,0,0,0,0,19.383867979049683,19.447048902511597,192.168.43.110
1701045594.172538,UDP,128,17,19.543731927871704,482,45,0,0,0,0,0,0,0,0,5,0.20466920109027492,0.20466920109027492,0.0,0,0,0,0,0,1701045594.172538,1701045574.628806,6804182337.569186,1701045584.3922966,9.731985644597119,0,0,0,1,0,0,0,0,0,1,0,0,0,0,1,1,3023,54,442,151.15,127.84962847032446,88,1701045594.172538,0,808448,17.57689871453587,184.30887600127448,16984.880886426585,1.0,361,1.0,0,0,0,0,0,0.09668302536010742,19.543731927871704,192.168.43.110
1701045594.172695,UDP,128,17,19.544123888015747,470,46,0,0,0,0,0,0,0,0,6,0.2046650964207589,0.2046650964207589,0.0,0,0,0,0,0,1701045594.172695,1701045574.628571,6804182337.556681,1701045584.3891702,9.73512332892368,0,0,0,1,0,0,0,0,0,1,0,0,0,0,1,1,88,88,88,88.0,0.0,88,0.00015687942504882812,1,808448,13.2664991614216,0.0,0.0,0.0,1,0.0,0,0,0,0,0,0.09695696830749512,19.544123888015747,192.168.43.110
1701045594.184361,UDP,64,17,19.555789947509766,665,3,0,0,0,0,0,0,0,0,152,0.2556787536284976,0.2556787536284976,0.0,0,0,0,0,0,1701045594.184361,1701045574.628571,8505227931.741041,1701045586.3482082,9.548268056614848,0,0,0,1,0,0,0,0,0,1,0,0,0,0,1,1,283,88,195,141.5,53.5,195,0.011666059494018555,2,808448,16.822603841260722,75.66042558696059,2862.25,1.0,4,1.0,0,0,0,0,0,0.011666059494018555,19.555789947509766,192.168.43.65
1701045594.213133,UDP,64,17,19.58432698249817,725,4,0,0,0,0,0,0,0,0,153,0.255306194819374,0.255306194819374,0.0,0,0,0,0,0,1701045594.213133,1701045574.628806,8505227931.782319,1701045586.356464,9.549924006884345,0,0,0,1,0,0,0,0,0,1,0,0,0,0,1,1,526,88,243,175.33333333333334,64.78854494087327,243,0.02877211570739746,3,808448,18.726095873584185,91.62483894180176,4197.555555555556,1.0,9,1.0,0,0,0,0,0,0.040595054626464844,19.58432698249817,192.168.43.65
1701045594.666543,UDP,128,17,0.0,75,47,0,0,0,0,0,0,0,0,7,0.255306194819374,0.255306194819374,0.0,0,0,0,0,0,1701045594.666543,1701045594.666543,1701045594.666543,1701045594.666543,0.0,0,0,0,1,0,0,0,0,0,1,0,0,0,0,1,1,601,75,243,150.25,70.96257816624195,75,0.45340991020202637,4,808448,17.334935823359714,100.35624046366026,5035.6875,1.0,16,1.0,0,0,0,0,0,1701045594.666543,0.0,192.168.43.110
1701045594.666754,UDP,128,17,0.0,75,48,0,0,0,0,0,0,0,0,8,0.255306194819374,0.255306194819374,0.0,0,0,0,0,0,1701045594.666754,1701045594.666754,1701045594.666754,1701045594.666754,0.0,0,0,0,1,0,0,0,0,0,1,0,0,0,0,1,1,676,75,243,135.2,70.24642339649756,75,0.0002110004425048828,5,808448,16.443843832875572,99.34344467552954,4934.5599999999995,1.0,25,1.0,0,0,0,0,0,1701045594.666754,0.0,192.168.43.110
1701045594.666893,UDP,128,17,0.0,75,49,0,0,0,0,0,0,0,0,9,0.255306194819374,0.255306194819374,0.0,0,0,0,0,0,1701045594.666893,1701045594.666893,1701045594.666893,1701045594.666893,0.0,0,0,0,1,0,0,0,0,0,1,0,0,0,0,1,1,751,75,243,125.16666666666667,67.93726681448278,75,0.00013899803161621094,6,808448,15.821925715074425,96.07780411960114,4615.472222222223,1.0,36,0.9999999999999999,0,0,0,0,0,1701045594.666893,0.0,192.168.43.110
1701045594.724681,UDP,64,17,0.05778789520263672,200,5,0,0,0,0,0,0,0,0,154,34.6093242016668,34.6093242016668,0.0,0,0,0,0,0,1701045594.724681,1701045594.666893,3402091189.391574,1701045594.695787,0.02889394760131836,0,0,0,1,0,0,0,0,0,1,0,0,0,0,1,1,876,75,243,125.14285714285714,62.89771417928947,125,0.05778789520263672,7,808448,15.82042079989386,88.95080043461769,3956.122448979592,1.0,49,1.0,0,0,0,0,0,0.05778789520263672,0.05778789520263672,192.168.43.65
1701045594.724681,UDP,64,17,0.05792689323425293,166,6,0,0,0,0,0,0,0,0,155,34.526277663677185,34.526277663677185,0.0,0,0,0,0,0,1701045594.724681,1701045594.666754,3402091189.3914347,1701045594.6957173,0.02896344661737179,0,0,0,1,0,0,0,0,0,1,0,0,0,0,1,1,967,75,243,120.875,59.90917605008435,91,0.0,8,808448,15.548311805466213,84.72436928062669,3589.109375,1.0,64,1.0,0,0,0,0,0,0.05792689323425293,0.05792689323425293,192.168.43.65
1701045594.724681,UDP,64,17,0.05813789367675781,178,7,0,0,0,0,0,0,0,0,156,34.4009710967488,34.4009710967488,0.0,0,0,0,0,0,1701045594.724681,1701045594.666543,3402091189.391224,1701045594.695612,0.029068946838378906,0,0,0,1,0,0,0,0,0,1,0,0,0,0,1,1,1070,75,243,118.88888888888889,56.76157629250509,103,0.0,9,808448,15.420044674960502,80.27299101453585,3221.8765432098767,1.0,81,1.0,0,0,0,0,0,0.05813789367675781,0.05813789367675781,192.168.43.65
1701045596.650039,TCP,128,6,19.99830198287964,870,50,0,0,0,1,1,0,0,0,6,0.5000424540323928,0.5000424540323928,0.0,0,0,0,6,10,1701045596.650039,1701045576.651737,17010455845.166517,1701045584.5166516,6.933415617618246,0,0,1,0,0,0,0,0,1,0,0,0,0,0,1,1,1178,75,243,117.8,53.947752501842004,108,1.9253580570220947,10,808448,15.349267083479914,76.29364324765203,2910.3600000000006,1.0,100,1.0,0,0,0,0,0,5.894899845123291,19.99830198287964,192.168.43.110
